officename,pincode,officeType,Deliverystatus,divisionname,regionname,circlename,Taluk,Districtname,statename
Ada B.O,504293,B.O,Delivery,Adilabad,Hyderabad,Andhra Pradesh,Asifabad,Adilabad,ANDHRA PRADESH
Andugulpet B.O,504231,B.O,Delivery,Adilabad,Hyderabad,Andhra Pradesh,Luxettipet,Adilabad,ANDHRA PRADESH
Annaram B.O,504201,B.O,Delivery,Adilabad,Hyderabad,Andhra Pradesh,Chennur,Adilabad,ANDHRA PRADESH
Arli (T) B.O,504312,B.O,Delivery,Adilabad,Hyderabad,Andhra Pradesh,Adilabad,Adilabad,ANDHRA PRADESH
Bambara B.O,504295,B.O,Delivery,Adilabad,Hyderabad,Andhra Pradesh,Asifabad,Adilabad,ANDHRA PRADESH
Bangalpet B.O,504106,B.O,Non-Delivery,Adilabad,Hyderabad,Andhra Pradesh,Nirmal,Adilabad,ANDHRA PRADESH
Bansapalli B.O,504306,B.O,Delivery,Adilabad,Hyderabad,Andhra Pradesh,Nirmal,Adilabad,ANDHRA PRADESH
Bejjur B.O,504299,B.O,Delivery,Adilabad,Hyderabad,Andhra Pradesh,Sirpur (t),Adilabad,ANDHRA PRADESH
Bellalbadi B.O,504202,B.O,Delivery,Adilabad,Hyderabad,Andhra Pradesh,Khanapur,Adilabad,ANDHRA PRADESH
Bhainsa S.O (Adilabad),504103,S.O,Delivery,Adilabad,Hyderabad,Andhra Pradesh,Mudhole,Adilabad,ANDHRA PRADESH
Birvelli B.O,504306,B.O,Delivery,Adilabad,Hyderabad,Andhra Pradesh,Nirmal,Adilabad,ANDHRA PRADESH
Burguda B.O,504293,B.O,Delivery,Adilabad,Hyderabad,Andhra Pradesh,Asifabad,Adilabad,ANDHRA PRADESH
Chichdhari Khanapur B.O,504346,B.O,Delivery,Adilabad,Hyderabad,Andhra Pradesh,Utnoor,Adilabad,ANDHRA PRADESH
Chintaguda B.O,504296,B.O,Delivery,Adilabad,Hyderabad,Andhra Pradesh,Sirpur (t),Adilabad,ANDHRA PRADESH
Coal Chemical Complex S.O,504302,S.O,Delivery,Adilabad,Hyderabad,Andhra Pradesh,Mancherial,Adilabad,ANDHRA PRADESH
Dantanpalli B.O,504311,B.O,Delivery,Adilabad,Hyderabad,Andhra Pradesh,Utnoor,Adilabad,ANDHRA PRADESH
Deepaiguda B.O,504309,B.O,Delivery,Adilabad,Hyderabad,Andhra Pradesh,Adilabad,Adilabad,ANDHRA PRADESH
Dehgaon B.O,504273,B.O,Delivery,Adilabad,Hyderabad,Andhra Pradesh,Asifabad,Adilabad,ANDHRA PRADESH
Dhaboli B.O,504313,B.O,Delivery,Adilabad,Hyderabad,Andhra Pradesh,Utnoor,Adilabad,ANDHRA PRADESH
Dhannoor B.O,504304,B.O,Delivery,Adilabad,Hyderabad,Andhra Pradesh,Boath,Adilabad,ANDHRA PRADESH
Dhorpalli B.O,504299,B.O,Delivery,Adilabad,Hyderabad,Andhra Pradesh,Sirpur (t),Adilabad,ANDHRA PRADESH
Dwarakapur B.O,504272,B.O,Delivery,Adilabad,Hyderabad,Andhra Pradesh,Asifabad,Adilabad,ANDHRA PRADESH
Easgaon - V B.O,504296,B.O,Delivery,Adilabad,Hyderabad,Andhra Pradesh,Kagaznagar,Adilabad,ANDHRA PRADESH
Gadapur B.O,504209,B.O,Delivery,Adilabad,Hyderabad,Andhra Pradesh,Luxettipet,Adilabad,ANDHRA PRADESH
Ginnedhari B.O,504297,B.O,Delivery,Adilabad,Hyderabad,Andhra Pradesh,Asifabad,Adilabad,ANDHRA PRADESH
Girnoor B.O,504307,B.O,Delivery,Adilabad,Hyderabad,Andhra Pradesh,Boath,Adilabad,ANDHRA PRADESH
Gudem B.O,504299,B.O,Delivery,Adilabad,Hyderabad,Andhra Pradesh,Sirpur (t),Adilabad,ANDHRA PRADESH
Hazipur B.O,504207,B.O,Delivery,Adilabad,Hyderabad,Andhra Pradesh,Luxettipet,Adilabad,ANDHRA PRADESH
Janakapur B.O,504251,B.O,Delivery,Adilabad,Hyderabad,Andhra Pradesh,Luxettipet,Adilabad,ANDHRA PRADESH
Jilleda B.O,504219,B.O,Delivery,Adilabad,Hyderabad,Andhra Pradesh,Luxettipet,Adilabad,ANDHRA PRADESH
Kadthal B.O,504105,B.O,Delivery,Adilabad,Hyderabad,Andhra Pradesh,Nirmal,Adilabad,ANDHRA PRADESH
Kalwada B.O,504273,B.O,Delivery,Adilabad,Hyderabad,Andhra Pradesh,Asifabad,Adilabad,ANDHRA PRADESH
Kanchevelli B.O,504219,B.O,Delivery,Adilabad,Hyderabad,Andhra Pradesh,Luxettipet,Adilabad,ANDHRA PRADESH
Kannepalli B.O,504297,B.O,Delivery,Adilabad,Hyderabad,Andhra Pradesh,Asifabad,Adilabad,ANDHRA PRADESH
Kerameri B.O,504293,B.O,Delivery,Adilabad,Hyderabad,Andhra Pradesh,Asifabad,Adilabad,ANDHRA PRADESH
Khairdatwa B.O,504311,B.O,Delivery,Adilabad,Hyderabad,Andhra Pradesh,Utnoor,Adilabad,ANDHRA PRADESH
Khodad B.O,504001,B.O,Delivery,Adilabad,Hyderabad,Andhra Pradesh,Adilabad,Adilabad,ANDHRA PRADESH
Kirgul B.O,504101,B.O,Delivery,Adilabad,Hyderabad,Andhra Pradesh,Mudhole,Adilabad,ANDHRA PRADESH
Kistapur B.O,504205,B.O,Delivery,Adilabad,Hyderabad,Andhra Pradesh,Luxettipet,Adilabad,ANDHRA PRADESH
Kolur B.O,504102,B.O,Delivery,Adilabad,Hyderabad,Andhra Pradesh,Mudhole,Adilabad,ANDHRA PRADESH
Kotapalli S.O,504214,S.O,Delivery,Adilabad,Hyderabad,Andhra Pradesh,Chennur,Adilabad,ANDHRA PRADESH
Koutha (B) B.O,504304,B.O,Delivery,Adilabad,Hyderabad,Andhra Pradesh,Boath,Adilabad,ANDHRA PRADESH
Kushnepalli B.O,504219,B.O,Delivery,Adilabad,Hyderabad,Andhra Pradesh,Luxettipet,Adilabad,ANDHRA PRADESH
Lingapur B.O,504206,B.O,Delivery,Adilabad,Hyderabad,Andhra Pradesh,Luxettipet,Adilabad,ANDHRA PRADESH
Maddikal B.O,504204,B.O,Delivery,Adilabad,Hyderabad,Andhra Pradesh,Chennur,Adilabad,ANDHRA PRADESH
Mahalingi B.O,504103,B.O,Delivery,Adilabad,Hyderabad,Andhra Pradesh,Mudhole,Adilabad,ANDHRA PRADESH
Mallapur B.O,504106,B.O,Delivery,Adilabad,Hyderabad,Andhra Pradesh,Nirmal,Adilabad,ANDHRA PRADESH
Mamidighat B.O,504204,B.O,Delivery,Adilabad,Hyderabad,Andhra Pradesh,Chennur,Adilabad,ANDHRA PRADESH
Mamidipalli B.O,504206,B.O,Delivery,Adilabad,Hyderabad,Andhra Pradesh,Luxettipet,Adilabad,ANDHRA PRADESH
Mamidipalli B.O,504313,B.O,Delivery,Adilabad,Hyderabad,Andhra Pradesh,Utnoor,Adilabad,ANDHRA PRADESH
Mankapur B.O,504311,B.O,Delivery,Adilabad,Hyderabad,Andhra Pradesh,Utnoor,Adilabad,ANDHRA PRADESH
Mujgi B.O,504306,B.O,Delivery,Adilabad,Hyderabad,Andhra Pradesh,Nirmal,Adilabad,ANDHRA PRADESH
Munjampalli B.O,504299,B.O,Delivery,Adilabad,Hyderabad,Andhra Pradesh,Sirpur (t),Adilabad,ANDHRA PRADESH
Naseerabad B.O,504204,B.O,Delivery,Adilabad,Hyderabad,Andhra Pradesh,Chennur,Adilabad,ANDHRA PRADESH
Neradigonda S.O,504323,S.O,Delivery,Adilabad,Hyderabad,Andhra Pradesh,Boath,Adilabad,ANDHRA PRADESH
Parimandal B.O,504310,B.O,Delivery,Adilabad,Hyderabad,Andhra Pradesh,Nirmal,Adilabad,ANDHRA PRADESH
Peechara B.O,504105,B.O,Delivery,Adilabad,Hyderabad,Andhra Pradesh,Nirmal,Adilabad,ANDHRA PRADESH
Pembi B.O,504203,B.O,Delivery,Adilabad,Hyderabad,Andhra Pradesh,NA,Adilabad,ANDHRA PRADESH
Ponnaram B.O,504216,B.O,Delivery,Adilabad,Hyderabad,Andhra Pradesh,Chennur,Adilabad,ANDHRA PRADESH
Rampur B.O,504306,B.O,Delivery,Adilabad,Hyderabad,Andhra Pradesh,Nirmal,Adilabad,ANDHRA PRADESH
Rampur B.O,504307,B.O,Delivery,Adilabad,Hyderabad,Andhra Pradesh,Boath,Adilabad,ANDHRA PRADESH
Sawapur B.O,504309,B.O,Delivery,Adilabad,Hyderabad,Andhra Pradesh,Adilabad,Adilabad,ANDHRA PRADESH
Soan S.O,504105,S.O,Delivery,Adilabad,Hyderabad,Andhra Pradesh,Nirmal,Adilabad,ANDHRA PRADESH
Srirampur Colony S.O,504303,S.O,Delivery,Adilabad,Hyderabad,Andhra Pradesh,Mancherial,Adilabad,ANDHRA PRADESH
Sunkli B.O,504109,B.O,Delivery,Adilabad,Hyderabad,Andhra Pradesh,Nirmal,Adilabad,ANDHRA PRADESH
Surjapur B.O,504203,B.O,Delivery,Adilabad,Hyderabad,Andhra Pradesh,NA,Adilabad,ANDHRA PRADESH
Tumpalli B.O,504294,B.O,Delivery,Adilabad,Hyderabad,Andhra Pradesh,Asifabad,Adilabad,ANDHRA PRADESH
Vempalli B.O,504209,B.O,Delivery,Adilabad,Hyderabad,Andhra Pradesh,Luxettipet,Adilabad,ANDHRA PRADESH
Vengwapet B.O,504110,B.O,Delivery,Adilabad,Hyderabad,Andhra Pradesh,Nirmal,Adilabad,ANDHRA PRADESH
Venkatapur B.O,504206,B.O,Delivery,Adilabad,Hyderabad,Andhra Pradesh,Luxettipet,Adilabad,ANDHRA PRADESH
Yedbid B.O,504102,B.O,Delivery,Adilabad,Hyderabad,Andhra Pradesh,Mudhole,Adilabad,ANDHRA PRADESH
Aknepalli B.O,504251,B.O,Delivery,Adilabad,Hyderabad,Andhra Pradesh,Luxettipet,Adilabad,ANDHRA PRADESH
Aloor B.O,504110,B.O,Delivery,Adilabad,Hyderabad,Andhra Pradesh,Nirmal,Adilabad,ANDHRA PRADESH
Angarajpally B.O,504201,B.O,Delivery,Adilabad,Hyderabad,Andhra Pradesh,Chennur,Adilabad,ANDHRA PRADESH
Ankoli B.O,504001,B.O,Delivery,Adilabad,Hyderabad,Andhra Pradesh,Adilabad,Adilabad,ANDHRA PRADESH
Babasagar B.O,504299,B.O,Delivery,Adilabad,Hyderabad,Andhra Pradesh,Sirpur(t),Adilabad,ANDHRA PRADESH
Badankurthy B.O,504203,B.O,Delivery,Adilabad,Hyderabad,Andhra Pradesh,NA,Adilabad,ANDHRA PRADESH
Bapur B.O,504299,B.O,Delivery,Adilabad,Hyderabad,Andhra Pradesh,Sirpur (t),Adilabad,ANDHRA PRADESH
Bareguda B.O,504296,B.O,Delivery,Adilabad,Hyderabad,Andhra Pradesh,Asifabad,Adilabad,ANDHRA PRADESH
Beltharoda B.O,504103,B.O,Delivery,Adilabad,Hyderabad,Andhra Pradesh,Mudhole,Adilabad,ANDHRA PRADESH
Bharampur B.O,504308,B.O,Delivery,Adilabad,Hyderabad,Andhra Pradesh,Adilabad,Adilabad,ANDHRA PRADESH
Bheemaram S.O,504204,S.O,Delivery,Adilabad,Hyderabad,Andhra Pradesh,Chennur,Adilabad,ANDHRA PRADESH
Bheemsari B.O,504001,B.O,Delivery,Adilabad,Hyderabad,Andhra Pradesh,Adilabad,Adilabad,ANDHRA PRADESH
Bodepalli B.O,504273,B.O,Delivery,Adilabad,Hyderabad,Andhra Pradesh,Asifabad,Adilabad,ANDHRA PRADESH
Boregaon B.O,504307,B.O,Delivery,Adilabad,Hyderabad,Andhra Pradesh,Boath,Adilabad,ANDHRA PRADESH
Boyapalli B.O,504272,B.O,Delivery,Adilabad,Hyderabad,Andhra Pradesh,Asifabad,Adilabad,ANDHRA PRADESH
Chakepalli B.O,504272,B.O,Delivery,Adilabad,Hyderabad,Andhra Pradesh,Asifabad,Adilabad,ANDHRA PRADESH
Chinnoor S.O,504201,S.O,Delivery,Adilabad,Hyderabad,Andhra Pradesh,Chennoor,Adilabad,ANDHRA PRADESH
Chintakunta B.O,504299,B.O,Delivery,Adilabad,Hyderabad,Andhra Pradesh,Sirpur (t),Adilabad,ANDHRA PRADESH
Chityal B.O,504202,B.O,Delivery,Adilabad,Hyderabad,Andhra Pradesh,Kaddam (Peddur),Adilabad,ANDHRA PRADESH
Devapur Cement Works S.O,504218,S.O,Delivery,Adilabad,Hyderabad,Andhra Pradesh,Luxettipet,Adilabad,ANDHRA PRADESH
Dharmaram B.O,504205,B.O,Delivery,Adilabad,Hyderabad,Andhra Pradesh,Luxettipet,Adilabad,ANDHRA PRADESH
Dwaraka B.O,504206,B.O,Delivery,Adilabad,Hyderabad,Andhra Pradesh,Luxettipet,Adilabad,ANDHRA PRADESH
Easgaon Camp B.O,504296,B.O,Delivery,Adilabad,Hyderabad,Andhra Pradesh,Sirpur (t),Adilabad,ANDHRA PRADESH
Ghotkuri B.O,504309,B.O,Delivery,Adilabad,Hyderabad,Andhra Pradesh,Adilabad,Adilabad,ANDHRA PRADESH
Gudamamda B.O,504311,B.O,Delivery,Adilabad,Hyderabad,Andhra Pradesh,Utnoor,Adilabad,ANDHRA PRADESH
Gurjal B.O,504251,B.O,Delivery,Adilabad,Hyderabad,Andhra Pradesh,Luxettipet,Adilabad,ANDHRA PRADESH
Ityal B.O,504273,B.O,Delivery,Adilabad,Hyderabad,Andhra Pradesh,Asifabad,Adilabad,ANDHRA PRADESH
Jainad B.O,504309,B.O,Delivery,Adilabad,Hyderabad,Andhra Pradesh,Adilabad,Adilabad,ANDHRA PRADESH
Kamole B.O,504102,B.O,Delivery,Adilabad,Hyderabad,Andhra Pradesh,Mudhole,Adilabad,ANDHRA PRADESH
Kapparla B.O,504312,B.O,Delivery,Adilabad,Hyderabad,Andhra Pradesh,Adilabad,Adilabad,ANDHRA PRADESH
Karanji B.O,504312,B.O,Delivery,Adilabad,Hyderabad,Andhra Pradesh,Adilabad,Adilabad,ANDHRA PRADESH
Khirdi B.O,504295,B.O,Delivery,Adilabad,Hyderabad,Andhra Pradesh,Asifabad,Adilabad,ANDHRA PRADESH
Koora B.O,504309,B.O,Delivery,Adilabad,Hyderabad,Andhra Pradesh,Adilabad,Adilabad,ANDHRA PRADESH
Korvichelma B.O,504215,B.O,Delivery,Adilabad,Hyderabad,Andhra Pradesh,Luxettipet,Adilabad,ANDHRA PRADESH
Kowthala B.O,504299,B.O,Delivery,Adilabad,Hyderabad,Andhra Pradesh,Sirpur (t),Adilabad,ANDHRA PRADESH
Kubeer B.O,504103,B.O,Delivery,Adilabad,Hyderabad,Andhra Pradesh,Mudhole,Adilabad,ANDHRA PRADESH
Lingapur B.O,504313,B.O,Delivery,Adilabad,Hyderabad,Andhra Pradesh,Utnoor,Adilabad,ANDHRA PRADESH
M.G. Road S.O,504296,S.O,Non-Delivery,Adilabad,Hyderabad,Andhra Pradesh,Kagaznagar,Adilabad,ANDHRA PRADESH
Madaram Township S.O,504220,S.O,Delivery,Adilabad,Hyderabad,Andhra Pradesh,Luxettipet,Adilabad,ANDHRA PRADESH
Mahagaon B.O,504313,B.O,Delivery,Adilabad,Hyderabad,Andhra Pradesh,Sirpur,Adilabad,ANDHRA PRADESH
Mandapalli B.O,504203,B.O,Delivery,Adilabad,Hyderabad,Andhra Pradesh,NA,Adilabad,ANDHRA PRADESH
Marthidi B.O,504299,B.O,Delivery,Adilabad,Hyderabad,Andhra Pradesh,Sirpur (t),Adilabad,ANDHRA PRADESH
Medpalli B.O,504310,B.O,Delivery,Adilabad,Hyderabad,Andhra Pradesh,Nirmal,Adilabad,ANDHRA PRADESH
Movad B.O,504293,B.O,Delivery,Adilabad,Hyderabad,Andhra Pradesh,Asifabad,Adilabad,ANDHRA PRADESH
Muthnur B.O,504308,B.O,Delivery,Adilabad,Hyderabad,Andhra Pradesh,Boath,Adilabad,ANDHRA PRADESH
New Pipri B.O,504104,B.O,Delivery,Adilabad,Hyderabad,Andhra Pradesh,Lokeswaram,Adilabad,ANDHRA PRADESH
Nigwa B.O,504103,B.O,Delivery,Adilabad,Hyderabad,Andhra Pradesh,Mudhole,Adilabad,ANDHRA PRADESH
Ootsurangapalli B.O,504299,B.O,Delivery,Adilabad,Hyderabad,Andhra Pradesh,Sirpur (t),Adilabad,ANDHRA PRADESH
Pangidimadra B.O,504297,B.O,Delivery,Adilabad,Hyderabad,Andhra Pradesh,Asifabad,Adilabad,ANDHRA PRADESH
Papannapet B.O,504299,B.O,Delivery,Adilabad,Hyderabad,Andhra Pradesh,Sirpur (t),Adilabad,ANDHRA PRADESH
Patha Mancherial B.O,504208,B.O,Non-Delivery,Adilabad,Hyderabad,Andhra Pradesh,Mancherial,Adilabad,ANDHRA PRADESH
Peddampet B.O,504207,B.O,Delivery,Adilabad,Hyderabad,Andhra Pradesh,Luxettipet,Adilabad,ANDHRA PRADESH
Peddapet B.O,504206,B.O,Delivery,Adilabad,Hyderabad,Andhra Pradesh,Luxettipet,Adilabad,ANDHRA PRADESH
Penchikalpet B.O,504296,B.O,Delivery,Adilabad,Hyderabad,Andhra Pradesh,Sirpur (t),Adilabad,ANDHRA PRADESH
Phulara B.O,504313,B.O,Delivery,Adilabad,Hyderabad,Andhra Pradesh,Utnoor,Adilabad,ANDHRA PRADESH
Pulsi B.O,504103,B.O,Delivery,Adilabad,Hyderabad,Andhra Pradesh,Kubeer,Adilabad,ANDHRA PRADESH
Raipur Kandli B.O,504104,B.O,Delivery,Adilabad,Hyderabad,Andhra Pradesh,Nirmal,Adilabad,ANDHRA PRADESH
Rebbanapally B.O,504215,B.O,Delivery,Adilabad,Hyderabad,Andhra Pradesh,Luxettipet,Adilabad,ANDHRA PRADESH
Sathanapalli B.O,504203,B.O,Delivery,Adilabad,Hyderabad,Andhra Pradesh,NA,Adilabad,ANDHRA PRADESH
Shanthi Khani B.O,504251,B.O,Delivery,Adilabad,Hyderabad,Andhra Pradesh,Bellampalle,Adilabad,ANDHRA PRADESH
Siddalkunta B.O,504105,B.O,Delivery,Adilabad,Hyderabad,Andhra Pradesh,Nirmal,Adilabad,ANDHRA PRADESH
Sirgapur B.O,504306,B.O,Delivery,Adilabad,Hyderabad,Andhra Pradesh,Nirmal,Adilabad,ANDHRA PRADESH
Sirpur (T) S.O,504299,S.O,Delivery,Adilabad,Hyderabad,Andhra Pradesh,Sirpur (t),Adilabad,ANDHRA PRADESH
Sirpur (U) B.O,504313,B.O,Delivery,Adilabad,Hyderabad,Andhra Pradesh,Utnoor,Adilabad,ANDHRA PRADESH
Talodi B.O,504299,B.O,Delivery,Adilabad,Hyderabad,Andhra Pradesh,Sirpur (t),Adilabad,ANDHRA PRADESH
Tamsi S.O,504312,S.O,Delivery,Adilabad,Hyderabad,Andhra Pradesh,Adilabad,Adilabad,ANDHRA PRADESH
Tandra B.O,504310,B.O,Delivery,Adilabad,Hyderabad,Andhra Pradesh,Nirmal,Adilabad,ANDHRA PRADESH
Yellapalli B.O,504106,B.O,Delivery,Adilabad,Hyderabad,Andhra Pradesh,Nirmal,Adilabad,ANDHRA PRADESH
Yellaram B.O,504293,B.O,Delivery,Adilabad,Hyderabad,Andhra Pradesh,Asifabad,Adilabad,ANDHRA PRADESH
Yelmal B.O,504105,B.O,Delivery,Adilabad,Hyderabad,Andhra Pradesh,Nirmal,Adilabad,ANDHRA PRADESH
Alegaon B.O,504201,B.O,Delivery,Adilabad,Hyderabad,Andhra Pradesh,Chennur,Adilabad,ANDHRA PRADESH
Asifabad S.O,504293,S.O,Delivery,Adilabad,Hyderabad,Andhra Pradesh,Asifabad,Adilabad,ANDHRA PRADESH
Beernandi B.O,504203,B.O,Delivery,Adilabad,Hyderabad,Andhra Pradesh,NA,Adilabad,ANDHRA PRADESH
Bellampalli S.O,504251,S.O,Delivery,Adilabad,Hyderabad,Andhra Pradesh,Bellampalle,Adilabad,ANDHRA PRADESH
Bhagyanagar S.O (Adilabad),504001,S.O,Non-Delivery,Adilabad,Hyderabad,Andhra Pradesh,Adilabad,Adilabad,ANDHRA PRADESH
Bibra B.O,504273,B.O,Delivery,Adilabad,Hyderabad,Andhra Pradesh,Asifabad,Adilabad,ANDHRA PRADESH
Boath S.O,504304,S.O,Delivery,Adilabad,Hyderabad,Andhra Pradesh,Boath,Adilabad,ANDHRA PRADESH
Chanda (T) B.O,504001,B.O,Delivery,Adilabad,Hyderabad,Andhra Pradesh,Adilabad,Adilabad,ANDHRA PRADESH
Chorpalli B.O,504313,B.O,Delivery,Adilabad,Hyderabad,Andhra Pradesh,Utnoor,Adilabad,ANDHRA PRADESH
Dasnapur B.O,504346,B.O,Delivery,Adilabad,Hyderabad,Andhra Pradesh,Utnoor,Adilabad,ANDHRA PRADESH
Dilawarpur S.O,504306,S.O,Delivery,Adilabad,Hyderabad,Andhra Pradesh,Nirmal,Adilabad,ANDHRA PRADESH
Dimda B.O,504299,B.O,Delivery,Adilabad,Hyderabad,Andhra Pradesh,Sirpur (t),Adilabad,ANDHRA PRADESH
Golleti B.O,504292,B.O,Delivery,Adilabad,Hyderabad,Andhra Pradesh,Asifabad,Adilabad,ANDHRA PRADESH
Gonedhanora B.O,504312,B.O,Delivery,Adilabad,Hyderabad,Andhra Pradesh,Tamsi,Adilabad,ANDHRA PRADESH
Gourapur B.O,504346,B.O,Delivery,Adilabad,Hyderabad,Andhra Pradesh,Utnoor,Adilabad,ANDHRA PRADESH
Gowliguda B.O,504323,B.O,Delivery,Adilabad,Hyderabad,Andhra Pradesh,Neradigonda,Adilabad,ANDHRA PRADESH
Gudihatnoor S.O,504308,S.O,Delivery,Adilabad,Hyderabad,Andhra Pradesh,Boath,Adilabad,ANDHRA PRADESH
Gumma S.O (Adilabad),504309,S.O,Delivery,Adilabad,Hyderabad,Andhra Pradesh,Adilabad,Adilabad,ANDHRA PRADESH
Gurjamannur B.O,504308,B.O,Delivery,Adilabad,Hyderabad,Andhra Pradesh,Boath,Adilabad,ANDHRA PRADESH
Gurudpet B.O,504299,B.O,Delivery,Adilabad,Hyderabad,Andhra Pradesh,Sirpur (t),Adilabad,ANDHRA PRADESH
Harnath Colony B.O,504296,B.O,Non-Delivery,Adilabad,Hyderabad,Andhra Pradesh,Kagaznagar,Adilabad,ANDHRA PRADESH
Indaram B.O,504216,B.O,Delivery,Adilabad,Hyderabad,Andhra Pradesh,Chennur,Adilabad,ANDHRA PRADESH
Indervelli S.O,504346,S.O,Delivery,Adilabad,Hyderabad,Andhra Pradesh,Utnoor,Adilabad,ANDHRA PRADESH
Industrial Area S.O (Adilabad),504296,S.O,Non-Delivery,Adilabad,Hyderabad,Andhra Pradesh,Kagaznagar,Adilabad,ANDHRA PRADESH
Jam B.O,504110,B.O,Delivery,Adilabad,Hyderabad,Andhra Pradesh,Nirmal,Adilabad,ANDHRA PRADESH
Jhary B.O,504312,B.O,Delivery,Adilabad,Hyderabad,Andhra Pradesh,Adilabad,Adilabad,ANDHRA PRADESH
Kalamadugu B.O,504205,B.O,Delivery,Adilabad,Hyderabad,Andhra Pradesh,Luxettipet,Adilabad,ANDHRA PRADESH
Kallur B.O,504109,B.O,Delivery,Adilabad,Hyderabad,Andhra Pradesh,Nirmal,Adilabad,ANDHRA PRADESH
Kankapur B.O,504101,B.O,Delivery,Adilabad,Hyderabad,Andhra Pradesh,Mudhole,Adilabad,ANDHRA PRADESH
Karathwada B.O,504304,B.O,Delivery,Adilabad,Hyderabad,Andhra Pradesh,Boath,Adilabad,ANDHRA PRADESH
Karnamamidi B.O,504207,B.O,Delivery,Adilabad,Hyderabad,Andhra Pradesh,Luxettipet,Adilabad,ANDHRA PRADESH
Khanapur S.O (Adilabad),504203,S.O,Delivery,Adilabad,Hyderabad,Andhra Pradesh,Khanapur,Adilabad,ANDHRA PRADESH
Kokasmannur B.O,504307,B.O,Delivery,Adilabad,Hyderabad,Andhra Pradesh,Boath,Adilabad,ANDHRA PRADESH
Kollur B.O,504201,B.O,Delivery,Adilabad,Hyderabad,Andhra Pradesh,Chennur,Adilabad,ANDHRA PRADESH
Kuchanpally B.O,504105,B.O,Delivery,Adilabad,Hyderabad,Andhra Pradesh,Nirmal,Adilabad,ANDHRA PRADESH
Kuchlapur B.O,504312,B.O,Delivery,Adilabad,Hyderabad,Andhra Pradesh,Adilabad,Adilabad,ANDHRA PRADESH
Lakkaram B.O,504311,B.O,Delivery,Adilabad,Hyderabad,Andhra Pradesh,Utnoor,Adilabad,ANDHRA PRADESH
Lonavelli B.O,504299,B.O,Delivery,Adilabad,Hyderabad,Andhra Pradesh,Sirpur (t),Adilabad,ANDHRA PRADESH
Madapur B.O,504105,B.O,Delivery,Adilabad,Hyderabad,Andhra Pradesh,Nirmal,Adilabad,ANDHRA PRADESH
Maddipadaga B.O,504202,B.O,Delivery,Adilabad,Hyderabad,Andhra Pradesh,Khanapur,Adilabad,ANDHRA PRADESH
Mamda S.O,504310,S.O,Delivery,Adilabad,Hyderabad,Andhra Pradesh,Nirmal,Adilabad,ANDHRA PRADESH
Mandamarri R.S. B.O,504231,B.O,Delivery,Adilabad,Hyderabad,Andhra Pradesh,Mandamarri,Adilabad,ANDHRA PRADESH
Mangi B.O,504297,B.O,Delivery,Adilabad,Hyderabad,Andhra Pradesh,Asifabad,Adilabad,ANDHRA PRADESH
Marlapally B.O,504304,B.O,Delivery,Adilabad,Hyderabad,Andhra Pradesh,Boath,Adilabad,ANDHRA PRADESH
Mittapalli Jagir B.O,504216,B.O,Delivery,Adilabad,Hyderabad,Andhra Pradesh,Chennur,Adilabad,ANDHRA PRADESH
Moindagudipet B.O,504297,B.O,Delivery,Adilabad,Hyderabad,Andhra Pradesh,Asifabad,Adilabad,ANDHRA PRADESH
Moogavelli B.O,504299,B.O,Delivery,Adilabad,Hyderabad,Andhra Pradesh,Sirpur (t),Adilabad,ANDHRA PRADESH
Mudhole S.O,504102,S.O,Delivery,Adilabad,Hyderabad,Andhra Pradesh,Mudhole,Adilabad,ANDHRA PRADESH
Mukhra (B) B.O,504307,B.O,Delivery,Adilabad,Hyderabad,Andhra Pradesh,Boath,Adilabad,ANDHRA PRADESH
Mulmadugu B.O,504205,B.O,Delivery,Adilabad,Hyderabad,Andhra Pradesh,Luxettipet,Adilabad,ANDHRA PRADESH
Munial B.O,504202,B.O,Delivery,Adilabad,Hyderabad,Andhra Pradesh,Khanapur,Adilabad,ANDHRA PRADESH
Mylaram B.O,504219,B.O,Delivery,Adilabad,Hyderabad,Andhra Pradesh,Luxettipet,Adilabad,ANDHRA PRADESH
Nachan Yelcapur B.O,504203,B.O,Delivery,Adilabad,Hyderabad,Andhra Pradesh,NA,Adilabad,ANDHRA PRADESH
Nagalkonda B.O,504311,B.O,Delivery,Adilabad,Hyderabad,Andhra Pradesh,Utnoor,Adilabad,ANDHRA PRADESH
Nagapur B.O,504201,B.O,Delivery,Adilabad,Hyderabad,Andhra Pradesh,Chennur,Adilabad,ANDHRA PRADESH
Narsapur B.O,504346,B.O,Delivery,Adilabad,Hyderabad,Andhra Pradesh,Utnoor,Adilabad,ANDHRA PRADESH
Pardi (K) B.O,504304,B.O,Delivery,Adilabad,Hyderabad,Andhra Pradesh,Boath,Adilabad,ANDHRA PRADESH
Patnapur B.O,504304,B.O,Delivery,Adilabad,Hyderabad,Andhra Pradesh,Boath,Adilabad,ANDHRA PRADESH
Pendalwada B.O,504309,B.O,Delivery,Adilabad,Hyderabad,Andhra Pradesh,Adilabad,Adilabad,ANDHRA PRADESH
Qawal B.O,504205,B.O,Delivery,Adilabad,Hyderabad,Andhra Pradesh,Luxettipet,Adilabad,ANDHRA PRADESH
Ramai B.O,504001,B.O,Delivery,Adilabad,Hyderabad,Andhra Pradesh,Adilabad,Adilabad,ANDHRA PRADESH
Rasimetta B.O,504313,B.O,Delivery,Adilabad,Hyderabad,Andhra Pradesh,Utnoor,Adilabad,ANDHRA PRADESH
Ruyyadi B.O,504312,B.O,Delivery,Adilabad,Hyderabad,Andhra Pradesh,Adilabad,Adilabad,ANDHRA PRADESH
Saidpur B.O,504001,B.O,Delivery,Adilabad,Hyderabad,Andhra Pradesh,Adilabad,Adilabad,ANDHRA PRADESH
Sangvi B.O,504309,B.O,Delivery,Adilabad,Hyderabad,Andhra Pradesh,Adilabad,Adilabad,ANDHRA PRADESH
Sarangapur B.O,504110,B.O,Delivery,Adilabad,Hyderabad,Andhra Pradesh,Nirmal,Adilabad,ANDHRA PRADESH
Sawli B.O,504103,B.O,Delivery,Adilabad,Hyderabad,Andhra Pradesh,Kubeer,Adilabad,ANDHRA PRADESH
Sirchelma B.O,504307,B.O,Delivery,Adilabad,Hyderabad,Andhra Pradesh,Boath,Adilabad,ANDHRA PRADESH
Sirkonda B.O,504307,B.O,Delivery,Adilabad,Hyderabad,Andhra Pradesh,Boath,Adilabad,ANDHRA PRADESH
Sonari B.O,504103,B.O,Delivery,Adilabad,Hyderabad,Andhra Pradesh,Mudhole,Adilabad,ANDHRA PRADESH
Talamadri B.O,504307,B.O,Delivery,Adilabad,Hyderabad,Andhra Pradesh,Boath,Adilabad,ANDHRA PRADESH
Vemanpally B.O,504214,B.O,Delivery,Adilabad,Hyderabad,Andhra Pradesh,Chennur,Adilabad,ANDHRA PRADESH
Waddur B.O,504323,B.O,Delivery,Adilabad,Hyderabad,Andhra Pradesh,Boath,Adilabad,ANDHRA PRADESH
Arepally B.O,504204,B.O,Delivery,Adilabad,Hyderabad,Andhra Pradesh,Chennur,Adilabad,ANDHRA PRADESH
Bazar Hathnur B.O,504304,B.O,Delivery,Adilabad,Hyderabad,Andhra Pradesh,Boath,Adilabad,ANDHRA PRADESH
Bela B.O,504309,B.O,Delivery,Adilabad,Hyderabad,Andhra Pradesh,Adilabad,Adilabad,ANDHRA PRADESH
Bhosi B.O,504103,B.O,Delivery,Adilabad,Hyderabad,Andhra Pradesh,Mudhole,Adilabad,ANDHRA PRADESH
Borigaon B.O,504110,B.O,Delivery,Adilabad,Hyderabad,Andhra Pradesh,Nirmal,Adilabad,ANDHRA PRADESH
Brahmangaon B.O,504101,B.O,Delivery,Adilabad,Hyderabad,Andhra Pradesh,Mudhole,Adilabad,ANDHRA PRADESH
Chata B.O,504103,B.O,Delivery,Adilabad,Hyderabad,Andhra Pradesh,Kubeer,Adilabad,ANDHRA PRADESH
Chichondi B.O,504103,B.O,Delivery,Adilabad,Hyderabad,Andhra Pradesh,Mudhole,Adilabad,ANDHRA PRADESH
Chintalbori B.O,504304,B.O,Delivery,Adilabad,Hyderabad,Andhra Pradesh,Boath,Adilabad,ANDHRA PRADESH
Chondi B.O,504103,B.O,Delivery,Adilabad,Hyderabad,Andhra Pradesh,Mudhole,Adilabad,ANDHRA PRADESH
Dewalwada B.O,504201,B.O,Delivery,Adilabad,Hyderabad,Andhra Pradesh,Chennur,Adilabad,ANDHRA PRADESH
Dhani B.O,504110,B.O,Delivery,Adilabad,Hyderabad,Andhra Pradesh,Nirmal,Adilabad,ANDHRA PRADESH
Dharmaraopet B.O,504231,B.O,Delivery,Adilabad,Hyderabad,Andhra Pradesh,Luxettipet,Adilabad,ANDHRA PRADESH
Doderna B.O,504103,B.O,Delivery,Adilabad,Hyderabad,Andhra Pradesh,Mudhole,Adilabad,ANDHRA PRADESH
Gandhi Chowk S.O (Adilabad),504001,S.O,Non-Delivery,Adilabad,Hyderabad,Andhra Pradesh,Adilabad,Adilabad,ANDHRA PRADESH
Ginnera B.O,504346,B.O,Delivery,Adilabad,Hyderabad,Andhra Pradesh,Utnoor,Adilabad,ANDHRA PRADESH
Girvelli B.O,504219,B.O,Delivery,Adilabad,Hyderabad,Andhra Pradesh,Luxettipet,Adilabad,ANDHRA PRADESH
Gulmadugu B.O,504109,B.O,Delivery,Adilabad,Hyderabad,Andhra Pradesh,Nirmal,Adilabad,ANDHRA PRADESH
Hathini B.O,504273,B.O,Delivery,Adilabad,Hyderabad,Andhra Pradesh,Asifabad,Adilabad,ANDHRA PRADESH
Jannaram S.O,504205,S.O,Delivery,Adilabad,Hyderabad,Andhra Pradesh,Luxettipet,Adilabad,ANDHRA PRADESH
Kamalkot B.O,504310,B.O,Delivery,Adilabad,Hyderabad,Andhra Pradesh,Nirmal,Adilabad,ANDHRA PRADESH
Kampamediguda B.O,504001,B.O,Delivery,Adilabad,Hyderabad,Andhra Pradesh,Adilabad,Adilabad,ANDHRA PRADESH
Kasba S.O (Adilabad),504106,S.O,Non-Delivery,Adilabad,Hyderabad,Andhra Pradesh,Nirmal,Adilabad,ANDHRA PRADESH
Keslapur B.O,504346,B.O,Delivery,Adilabad,Hyderabad,Andhra Pradesh,Utnoor,Adilabad,ANDHRA PRADESH
Kistampet B.O,504204,B.O,Delivery,Adilabad,Hyderabad,Andhra Pradesh,Chennur,Adilabad,ANDHRA PRADESH
Kistapur B.O,504216,B.O,Delivery,Adilabad,Hyderabad,Andhra Pradesh,Chennur,Adilabad,ANDHRA PRADESH
Kolhari B.O,504308,B.O,Delivery,Adilabad,Hyderabad,Andhra Pradesh,Boath,Adilabad,ANDHRA PRADESH
Kondampally B.O,504292,B.O,Delivery,Adilabad,Hyderabad,Andhra Pradesh,Asifabad,Adilabad,ANDHRA PRADESH
Koratkal B.O,504323,B.O,Delivery,Adilabad,Hyderabad,Andhra Pradesh,Nirmal,Adilabad,ANDHRA PRADESH
Kothmeer B.O,504273,B.O,Delivery,Adilabad,Hyderabad,Andhra Pradesh,Asifabad,Adilabad,ANDHRA PRADESH
Kuchlapur B.O,504304,B.O,Delivery,Adilabad,Hyderabad,Andhra Pradesh,Boath,Adilabad,ANDHRA PRADESH
Lingapur B.O,504202,B.O,Delivery,Adilabad,Hyderabad,Andhra Pradesh,Khanapur,Adilabad,ANDHRA PRADESH
Lingi B.O,504312,B.O,Delivery,Adilabad,Hyderabad,Andhra Pradesh,Adilabad,Adilabad,ANDHRA PRADESH
Lohesra B.O,504104,B.O,Delivery,Adilabad,Hyderabad,Andhra Pradesh,Nirmal,Adilabad,ANDHRA PRADESH
Mallampet B.O,504214,B.O,Delivery,Adilabad,Hyderabad,Andhra Pradesh,Chennur,Adilabad,ANDHRA PRADESH
Malyal B.O,504307,B.O,Delivery,Adilabad,Hyderabad,Andhra Pradesh,Boath,Adilabad,ANDHRA PRADESH
Metpally B.O,504251,B.O,Delivery,Adilabad,Hyderabad,Andhra Pradesh,Luxettipet,Adilabad,ANDHRA PRADESH
Mogardhagar B.O,504299,B.O,Delivery,Adilabad,Hyderabad,Andhra Pradesh,Sirpur (t),Adilabad,ANDHRA PRADESH
Mulkala B.O,504209,B.O,Delivery,Adilabad,Hyderabad,Andhra Pradesh,Luxettipet,Adilabad,ANDHRA PRADESH
Nakkalapally B.O,504214,B.O,Delivery,Adilabad,Hyderabad,Andhra Pradesh,Chennur,Adilabad,ANDHRA PRADESH
Nambal B.O,504292,B.O,Delivery,Adilabad,Hyderabad,Andhra Pradesh,Asifabad,Adilabad,ANDHRA PRADESH
Narayanpur B.O,504292,B.O,Delivery,Adilabad,Hyderabad,Andhra Pradesh,Asifabad,Adilabad,ANDHRA PRADESH
Natrajnagar B.O,504106,B.O,Non-Delivery,Adilabad,Hyderabad,Andhra Pradesh,Nirmal,Adilabad,ANDHRA PRADESH
Neelwai B.O,504214,B.O,Delivery,Adilabad,Hyderabad,Andhra Pradesh,Chennur,Adilabad,ANDHRA PRADESH
Nennel S.O,504219,S.O,Delivery,Adilabad,Hyderabad,Andhra Pradesh,Luxettipet,Adilabad,ANDHRA PRADESH
Netnoor B.O,504313,B.O,Delivery,Adilabad,Hyderabad,Andhra Pradesh,Utnoor,Adilabad,ANDHRA PRADESH
Ola B.O,504109,B.O,Delivery,Adilabad,Hyderabad,Andhra Pradesh,Nirmal,Adilabad,ANDHRA PRADESH
Perkapally B.O,504251,B.O,Delivery,Adilabad,Hyderabad,Andhra Pradesh,Luxettipet,Adilabad,ANDHRA PRADESH
Pippaldhari B.O,504001,B.O,Delivery,Adilabad,Hyderabad,Andhra Pradesh,Adilabad,Adilabad,ANDHRA PRADESH
Ponkal B.O,504205,B.O,Delivery,Adilabad,Hyderabad,Andhra Pradesh,Luxettipet,Adilabad,ANDHRA PRADESH
Raipally B.O,504207,B.O,Delivery,Adilabad,Hyderabad,Andhra Pradesh,Mancherial,Adilabad,ANDHRA PRADESH
Rebbena B.O,504219,B.O,Delivery,Adilabad,Hyderabad,Andhra Pradesh,Luxettipet,Adilabad,ANDHRA PRADESH
Sangvi B.O,504311,B.O,Delivery,Adilabad,Hyderabad,Andhra Pradesh,Utnoor,Adilabad,ANDHRA PRADESH
Shantapur B.O,504308,B.O,Delivery,Adilabad,Hyderabad,Andhra Pradesh,Boath,Adilabad,ANDHRA PRADESH
Tapalpur B.O,504206,B.O,Delivery,Adilabad,Hyderabad,Andhra Pradesh,Luxettipet,Adilabad,ANDHRA PRADESH