Odisha Circle,Berhampur Region,Aska Division,G.Nuagam B.O,761140,BO,Delivery,GANJAM,ODISHA,OD,19.9266816,84.6059883
Odisha Circle,Berhampur Region,Aska Division,Tholadi B.O,761131,BO,Delivery,GANJAM,ODISHA,OD,19.9540488,84.6222378
Odisha Circle,Berhampur Region,Aska Division,Turumu B.O,761131,BO,Delivery,GANJAM,ODISHA,OD,20.0456433,84.6164199
Odisha Circle,Berhampur Region,Aska Division,Dadarlunda B.O,761132,BO,Delivery,GANJAM,ODISHA,OD,19.9934784,84.5496198
Odisha Circle,Berhampur Region,Aska Division,Gundribadi B.O,761132,BO,Delivery,GANJAM,ODISHA,OD,20.0761767,84.4776817
Odisha Circle,Berhampur Region,Aska Division,Kendupadar B.O,761122,BO,Delivery,GANJAM,ODISHA,OD,19.7449633,84.6532683
Odisha Circle,Berhampur Region,Aska Division,K.Berhampur B.O,761140,BO,Delivery,GANJAM,ODISHA,OD,19.92108,84.626295
Odisha Circle,Berhampur Region,Aska Division,Patulisahi B.O,761140,BO,Delivery,GANJAM,ODISHA,OD,19.9357572,84.5799192
Madhya Pradesh Circle,Indore Region,Ratlam Division,Bakhatgarh B.O,457888,BO,Delivery,ALIRAJPUR,MADHYA PRADESH,MP,22.11,74.37
Madhya Pradesh Circle,Indore Region,Ratlam Division,Harinagar B.O,457777,BO,Delivery,JHABUA,MADHYA PRADESH,MP,23,74.57
Madhya Pradesh Circle,Indore Region,Ratlam Division,Kakanwani B.O,457777,BO,Delivery,JHABUA,MADHYA PRADESH,MP,23,74.57
Madhya Pradesh Circle,Indore Region,Ratlam Division,Sajelimaljisath B.O,457777,BO,Delivery,JHABUA,MADHYA PRADESH,MP,23,74.57
Madhya Pradesh Circle,Indore Region,Ratlam Division,Shivgarh B.O,457777,BO,Delivery,JHABUA,MADHYA PRADESH,MP,23,74.57
Madhya Pradesh Circle,Indore Region,Mandsaur Division,Bhatkheda B.O,458441,BO,Delivery,NEEMUCH,MADHYA PRADESH,MP,24.392064,74.916131
Madhya Pradesh Circle,Indore Region,Ratlam Division,Karwad B.O,457770,BO,Delivery,JHABUA,MADHYA PRADESH,MP,22.76,74.59
Madhya Pradesh Circle,Indore Region,Ratlam Division,Panchpiplia B.O,457770,BO,Delivery,JHABUA,MADHYA PRADESH,MP,22.76,74.59
Madhya Pradesh Circle,Indore Region,Ratlam Division,Amankunwa B.O,457882,BO,Delivery,ALIRAJPUR,MADHYA PRADESH,MP,22.58,74.41
Madhya Pradesh Circle,Indore Region,Ratlam Division,Mathna B.O,457882,BO,Delivery,ALIRAJPUR,MADHYA PRADESH,MP,22.58,74.41
Madhya Pradesh Circle,Indore Region,Ratlam Division,Ringol B.O,457882,BO,Delivery,ALIRAJPUR,MADHYA PRADESH,MP,22.58,74.41
Madhya Pradesh Circle,Indore Region,Ratlam Division,Khattali B.O,457990,BO,Delivery,ALIRAJPUR,MADHYA PRADESH,MP,22.41,74.56
Madhya Pradesh Circle,Indore Region,Ratlam Division,Thandla B.O,457990,BO,Delivery,ALIRAJPUR,MADHYA PRADESH,MP,22.41,74.56
Madhya Pradesh Circle,Indore Region,Ratlam Division,Umda B.O,457990,BO,Delivery,ALIRAJPUR,MADHYA PRADESH,MP,22.41,74.56
Madhya Pradesh Circle,Indore Region,Ratlam Division,Narela B.O,457772,BO,Delivery,JHABUA,MADHYA PRADESH,MP,23.15,74.59
Madhya Pradesh Circle,Indore Region,Ratlam Division,Kachaldara B.O,457779,BO,Delivery,JHABUA,MADHYA PRADESH,MP,22.9,74.54
Madhya Pradesh Circle,Indore Region,Ratlam Division,Kheda B.O,457779,BO,Delivery,JHABUA,MADHYA PRADESH,MP,22.9,74.54
Rajasthan Circle,Ajmer Region,Udaipur Division,Agad B.O,313604,BO,Delivery,UDAIPUR,RAJASTHAN,RJ,24.5,74.19
Rajasthan Circle,Ajmer Region,Udaipur Division,Akola B.O,313604,BO,Delivery,UDAIPUR,RAJASTHAN,RJ,24.42,74.21
Rajasthan Circle,Ajmer Region,Udaipur Division,Dholia B.O,313604,BO,Delivery,UDAIPUR,RAJASTHAN,RJ,24.28,74.2
Rajasthan Circle,Ajmer Region,Udaipur Division,Kali Bhit B.O,313604,BO,Delivery,UDAIPUR,RAJASTHAN,RJ,24.33,74.31
Kerala Circle,Kochi Region,Kottayam Division,Kodumpidi BO,686651,BO,Delivery,KOTTAYAM,KERALA,KL,9.8204,76.5351
Kerala Circle,Kochi Region,Kottayam Division,Kurumannu BO,686651,BO,Delivery,KOTTAYAM,KERALA,KL,9.8204,76.5351
Kerala Circle,Kochi Region,Kottayam Division,Pravithanam BO,686651,BO,Delivery,KOTTAYAM,KERALA,KL,15.5934,76.5351
Kerala Circle,Kochi Region,Kottayam Division,Ullanad BO,686651,BO,Delivery,KOTTAYAM,KERALA,KL,15.5934,76.5351
Kerala Circle,Kochi Region,Kottayam Division,Kizhathadiyur BO,686574,BO,Delivery,KOTTAYAM,KERALA,KL,9.728,76.7063
Kerala Circle,Kochi Region,Kottayam Division,Ponadkarur BO,686574,BO,Delivery,KOTTAYAM,KERALA,KL,15.5934,76.7063
Kerala Circle,Kochi Region,Kottayam Division,Vallichira BO,686574,BO,Delivery,KOTTAYAM,KERALA,KL,15.5934,76.7063
Kerala Circle,Kochi Region,Kottayam Division,Velliappally BO,686574,BO,Delivery,KOTTAYAM,KERALA,KL,15.5934,76.7063
Kerala Circle,Kochi Region,Kottayam Division,Edappady BO,686578,BO,Delivery,KOTTAYAM,KERALA,KL,9.697,76.7241
Kerala Circle,Kochi Region,Kottayam Division,Idamattom BO,686578,BO,Delivery,KOTTAYAM,KERALA,KL,9.697,76.7241
Kerala Circle,Kochi Region,Kottayam Division,Kizhaparayar BO,686578,BO,Delivery,KOTTAYAM,KERALA,KL,9.697,76.7241
Kerala Circle,Kochi Region,Kottayam Division,Nadackal BO,686121,BO,Delivery,KOTTAYAM,KERALA,KL,15.5934,76.7833
Kerala Circle,Kochi Region,Kottayam Division,Padinjattinkara BO,686571,BO,Delivery,KOTTAYAM,KERALA,KL,15.5934,76.607
Kerala Circle,Kochi Region,Kottayam Division,Kattachira BO,686572,BO,Delivery,KOTTAYAM,KERALA,KL,9.728,76.7063
Kerala Circle,Kochi Region,Kottayam Division,Cholathadom BO,686582,BO,Delivery,KOTTAYAM,KERALA,KL,11.7225,75.6035
Kerala Circle,Kochi Region,Kottayam Division,Kaipally BO,686582,BO,Delivery,KOTTAYAM,KERALA,KL,11.7225,75.6035
Kerala Circle,Kochi Region,Kottayam Division,Kunnonni BO,686582,BO,Delivery,KOTTAYAM,KERALA,KL,9.655685,76.832752
Kerala Circle,Kochi Region,Kottayam Division,Pathampuzha BO,686582,BO,Delivery,KOTTAYAM,KERALA,KL,15.5934,75.6035
Kerala Circle,Kochi Region,Kottayam Division,Elikulam BO,686577,BO,Delivery,KOTTAYAM,KERALA,KL,9.728,76.7063
Kerala Circle,Kochi Region,Kottayam Division,Arunoottimangalam BO,686604,BO,Delivery,KOTTAYAM,KERALA,KL,9.2634,76.5474
Kerala Circle,Kochi Region,Kottayam Division,Kallara South BO,686611,BO,Delivery,KOTTAYAM,KERALA,KL,9.8204,76.5351
Kerala Circle,Kochi Region,Kottayam Division,Perumthuruth BO,686611,BO,Delivery,KOTTAYAM,KERALA,KL,15.5934,76.5351
Kerala Circle,Kochi Region,Kottayam Division,Ambika Market BO,686144,BO,Delivery,KOTTAYAM,KERALA,KL,9.7471,76.3952
Kerala Circle,Kochi Region,Kottayam Division,Vechoor BO,686144,BO,Delivery,KOTTAYAM,KERALA,KL,15.5934,76.3952
Kerala Circle,Kochi Region,Kottayam Division,Chempu BO,686608,BO,Delivery,KOTTAYAM,KERALA,KL,9.8128,76.3909
Kerala Circle,Kochi Region,Kottayam Division,Enadi BO,686608,BO,Delivery,KOTTAYAM,KERALA,KL,9.8004,76.3951
Kerala Circle,Kochi Region,Kottayam Division,Maravanthuruthu BO,686608,BO,Delivery,KOTTAYAM,KERALA,KL,9.7977,76.3956
Kerala Circle,Kochi Region,Kottayam Division,Mannackanad BO,686633,BO,Delivery,KOTTAYAM,KERALA,KL,9.669,76.5592
Kerala Circle,Kochi Region,Kottayam Division,Nazreth Hill BO,686633,BO,Delivery,KOTTAYAM,KERALA,KL,15.5934,76.5592
Kerala Circle,Kochi Region,Kottayam Division,Pakalomattom BO,686633,BO,Delivery,KOTTAYAM,KERALA,KL,15.5934,76.5592
Kerala Circle,Kochi Region,Kottayam Division,Vempally BO,686633,BO,Delivery,KOTTAYAM,KERALA,KL,15.5934,76.5592
Rajasthan Circle,Ajmer Region,Kota Division,Bamangaon B.O,325217,BO,Delivery,BARAN,RAJASTHAN,RJ,25.17,77.29
Rajasthan Circle,Ajmer Region,Kota Division,Beel Kheda Mal B.O,325217,BO,Delivery,BARAN,RAJASTHAN,RJ,25.29,77.23
Rajasthan Circle,Ajmer Region,Kota Division,Bhoyal B.O,325217,BO,Delivery,BARAN,RAJASTHAN,RJ,25.26,77.25
Rajasthan Circle,Ajmer Region,Kota Division,Kasba Nonera B.O,325217,BO,Delivery,BARAN,RAJASTHAN,RJ,25.18,77.23
Madhya Pradesh Circle,Indore Region,Ratlam Division,Kodli B.O,457773,BO,Delivery,JHABUA,MADHYA PRADESH,MP,23.01,74.79
Madhya Pradesh Circle,Indore Region,Ratlam Division,Bolasa B.O,457775,BO,Delivery,JHABUA,MADHYA PRADESH,MP,22.58,75.2
Madhya Pradesh Circle,Indore Region,Ratlam Division,Hamirgarh B.O,457775,BO,Delivery,JHABUA,MADHYA PRADESH,MP,22.58,75.2
Madhya Pradesh Circle,Indore Region,Ratlam Division,Andharwad B.O,457993,BO,Delivery,JHABUA,MADHYA PRADESH,MP,22.64,74.52
Madhya Pradesh Circle,Indore Region,Ratlam Division,Kanakakad B.O,457993,BO,Delivery,ALIRAJPUR,MADHYA PRADESH,MP,22.64,74.52
Madhya Pradesh Circle,Indore Region,Ratlam Division,Samoi B.O,457993,BO,Delivery,JHABUA,MADHYA PRADESH,MP,22.64,74.52
Madhya Pradesh Circle,Indore Region,Ratlam Division,Andharkanch B.O,457888,BO,Delivery,ALIRAJPUR,MADHYA PRADESH,MP,22.11,74.37
Madhya Pradesh Circle,Indore Region,Ratlam Division,Mathwad B.O,457888,BO,Delivery,ALIRAJPUR,MADHYA PRADESH,MP,22.11,74.37
Madhya Pradesh Circle,Indore Region,Ratlam Division,Pipliawat B.O,457888,BO,Delivery,ALIRAJPUR,MADHYA PRADESH,MP,22.11,74.37
Madhya Pradesh Circle,Indore Region,Ratlam Division,Silota B.O,457888,BO,Delivery,ALIRAJPUR,MADHYA PRADESH,MP,22.130851,74.28542
Madhya Pradesh Circle,Indore Region,Ratlam Division,Bedawa B.O,457777,BO,Delivery,JHABUA,MADHYA PRADESH,MP,23,74.57
Madhya Pradesh Circle,Indore Region,Sehore Division,Hinotiya B.O,465685,BO,Delivery,RAJGARH,MADHYA PRADESH,MP,22.232125,79.377529
Madhya Pradesh Circle,Indore Region,Sehore Division,Nipaniyagarhi B.O,465685,BO,Delivery,RAJGARH,MADHYA PRADESH,MP,24.180212,79.231017
Madhya Pradesh Circle,Indore Region,Sehore Division,Bhatkheda B.O,465689,BO,Delivery,RAJGARH,MADHYA PRADESH,MP,24.392215,74.917954
Madhya Pradesh Circle,Indore Region,Sehore Division,Khajurigokul B.O,465689,BO,Delivery,RAJGARH,MADHYA PRADESH,MP,23.865609,76.470768
Madhya Pradesh Circle,Jabalpur Region,Chhatarpur Division,Imlaha B.O,471101,BO,Delivery,CHHATARPUR,MADHYA PRADESH,MP,24.73336,79.97855
Madhya Pradesh Circle,Jabalpur Region,Chhatarpur Division,Selon B.O,471101,BO,Delivery,CHHATARPUR,MADHYA PRADESH,MP,24.73336,79.97855
Madhya Pradesh Circle,Jabalpur Region,Chhatarpur Division,Kurraha B.O,471411,BO,Delivery,CHHATARPUR,MADHYA PRADESH,MP,25.0544,79.6247
Madhya Pradesh Circle,Jabalpur Region,Chhatarpur Division,Ujara B.O,471411,BO,Delivery,CHHATARPUR,MADHYA PRADESH,MP,25.0544,79.6247
Madhya Pradesh Circle,Jabalpur Region,Chhatarpur Division,Ramtoriya B.O,471313,BO,Delivery,CHHATARPUR,MADHYA PRADESH,MP,24.3998637,79.0221167
Madhya Pradesh Circle,Jabalpur Region,Mandla Division,Purwa B.O,481661,BO,Delivery,MANDLA,MADHYA PRADESH,MP,26.456632,80.771321
Madhya Pradesh Circle,Jabalpur Region,Chhatarpur Division,Niwari B.O,471001,BO,Delivery,CHHATARPUR,MADHYA PRADESH,MP,24.986834,79.640035
Madhya Pradesh Circle,Jabalpur Region,Chhatarpur Division,Saura B.O,471001,BO,Delivery,CHHATARPUR,MADHYA PRADESH,MP,24.922265,79.60248
Madhya Pradesh Circle,Jabalpur Region,Chhatarpur Division,Dargawan B.O,471311,BO,Delivery,CHHATARPUR,MADHYA PRADESH,MP,24.53118,79.3006
Madhya Pradesh Circle,Jabalpur Region,Chhatarpur Division,Deoran B.O,471311,BO,Delivery,CHHATARPUR,MADHYA PRADESH,MP,24.68753,79.3310589
Madhya Pradesh Circle,Jabalpur Region,Chhatarpur Division,Dhangawan B.O,471311,BO,Delivery,CHHATARPUR,MADHYA PRADESH,MP,24.53118,79.3006
Madhya Pradesh Circle,Jabalpur Region,Chhatarpur Division,Dhimarwara B.O,471311,BO,Delivery,CHHATARPUR,MADHYA PRADESH,MP,24.53118,79.3006
Madhya Pradesh Circle,Jabalpur Region,Chhatarpur Division,Ganj B.O,471105,BO,Delivery,CHHATARPUR,MADHYA PRADESH,MP,24.910994,79.58778
Madhya Pradesh Circle,Jabalpur Region,Chhatarpur Division,Ghoora B.O,471105,BO,Delivery,CHHATARPUR,MADHYA PRADESH,MP,24.910996,79.587778
Uttar Pradesh Circle,Agra Region,Mathura Division,Hayatpur BO,281305,BO,Delivery,MATHURA,UTTAR PRADESH,UP,27.47,77.69
Uttar Pradesh Circle,Agra Region,Mathura Division,Arrua BO,281202,BO,Delivery,MATHURA,UTTAR PRADESH,UP,27.47,77.69
Uttar Pradesh Circle,Agra Region,Mathura Division,Dangoli Banger BO,281202,BO,Delivery,MATHURA,UTTAR PRADESH,UP,27.47,77.69
Madhya Pradesh Circle,Jabalpur Region,Chhindwara Division,Rampur B.O,480555,BO,Delivery,CHHINDWARA,MADHYA PRADESH,MP,22.314643,88.316236
Madhya Pradesh Circle,Jabalpur Region,Chhindwara Division,Nandan B.O,480555,BO,Delivery,CHHINDWARA,MADHYA PRADESH,MP,22.188503,78.461331
Madhya Pradesh Circle,Jabalpur Region,Chhindwara Division,Bheda B.O,480224,BO,Delivery,CHHINDWARA,MADHYA PRADESH,MP,22.636755,79.232431
Madhya Pradesh Circle,Jabalpur Region,Chhindwara Division,Bhumka B.O,480224,BO,Delivery,CHHINDWARA,MADHYA PRADESH,MP,22.636755,79.232431
Madhya Pradesh Circle,Jabalpur Region,Chhindwara Division,Madai B.O,480224,BO,Delivery,CHHINDWARA,MADHYA PRADESH,MP,23.212136,79.991938
Madhya Pradesh Circle,Jabalpur Region,Chhindwara Division,Datla B.O,480551,BO,Delivery,CHHINDWARA,MADHYA PRADESH,MP,22.191347,78.58218
Madhya Pradesh Circle,Jabalpur Region,Chhindwara Division,Hanotiya B.O,480551,BO,Delivery,CHHINDWARA,MADHYA PRADESH,MP,22.191347,78.58218
Madhya Pradesh Circle,Jabalpur Region,Chhindwara Division,Jamkunda B.O,480551,BO,Delivery,CHHINDWARA,MADHYA PRADESH,MP,21.629738,87.323975
Madhya Pradesh Circle,Jabalpur Region,Chhindwara Division,Navegaon B.O,480551,BO,Delivery,CHHINDWARA,MADHYA PRADESH,MP,21.463386,79.171431
Madhya Pradesh Circle,Jabalpur Region,Chhindwara Division,Rajadi Pipla B.O,480105,BO,Delivery,CHHINDWARA,MADHYA PRADESH,MP,21.871514,73.503052
Madhya Pradesh Circle,Jabalpur Region,Chhindwara Division,Belgaon B.O,480557,BO,Delivery,CHHINDWARA,MADHYA PRADESH,MP,22.213623,78.745495
Madhya Pradesh Circle,Jabalpur Region,Chhindwara Division,Dungaria Titra B.O,480557,BO,Delivery,CHHINDWARA,MADHYA PRADESH,MP,22.213623,78.745495
Madhya Pradesh Circle,DivReportingCircle,Morena Division,Nagra (Porsa S.O)B.O,476115,BO,Delivery,MORENA,MADHYA PRADESH,MP,26.744005,78.5024399
Madhya Pradesh Circle,DivReportingCircle,Morena Division,Rajodha B.O,476115,BO,Delivery,MORENA,MADHYA PRADESH,MP,26.70504,78.4219033
Madhya Pradesh Circle,DivReportingCircle,Morena Division,Santhon B.O,476115,BO,Delivery,MORENA,MADHYA PRADESH,MP,26.7513033,78.4144416
Madhya Pradesh Circle,DivReportingCircle,Morena Division,Dondari B.O,476115,BO,Delivery,MORENA,MADHYA PRADESH,MP,26.7299466,78.4650549
Madhya Pradesh Circle,DivReportingCircle,Morena Division,Atar B.O,476229,BO,Delivery,MORENA,MADHYA PRADESH,MP,26.2588899,77.3107983
Madhya Pradesh Circle,DivReportingCircle,Morena Division,Jalalgarh B.O,476229,BO,Delivery,MORENA,MADHYA PRADESH,MP,26.2003383,77.4899866
Madhya Pradesh Circle,DivReportingCircle,Morena Division,Kulholi B.O,476229,BO,Delivery,MORENA,MADHYA PRADESH,MP,26.2848,77.4707683
Madhya Pradesh Circle,DivReportingCircle,Morena Division,Tentra B.O,476229,BO,Delivery,MORENA,MADHYA PRADESH,MP,26.1795266,77.30048
Madhya Pradesh Circle,DivReportingCircle,Morena Division,Bamsoli B.O,476229,BO,Delivery,MORENA,MADHYA PRADESH,MP,26.1519283,77.4392733
Madhya Pradesh Circle,DivReportingCircle,Morena Division,Awada B.O,476339,BO,Delivery,SHEOPUR,MADHYA PRADESH,MP,25.5216772,76.7760297
Madhya Pradesh Circle,DivReportingCircle,Morena Division,Jalalpura (Sheopur So) B.O,476337,BO,Delivery,SHEOPUR,MADHYA PRADESH,MP,25.6849733,76.4889916
Madhya Pradesh Circle,DivReportingCircle,Morena Division,Javdeshwar B.O,476337,BO,Delivery,SHEOPUR,MADHYA PRADESH,MP,25.81832,76.6280566
Madhya Pradesh Circle,DivReportingCircle,Morena Division,Sonthwa B.O,476337,BO,Delivery,SHEOPUR,MADHYA PRADESH,MP,25.764471,76.5903256
Rajasthan Circle,Ajmer Region,Dungarpur Division,Pal Mathugamda B.O,314001,BO,Delivery,DUNGARPUR,RAJASTHAN,RJ,23.878474,73.741902
Rajasthan Circle,Ajmer Region,Dungarpur Division,Gamdi Ahada B.O,314001,BO,Delivery,DUNGARPUR,RAJASTHAN,RJ,23.767735,73.619271
Rajasthan Circle,Ajmer Region,Dungarpur Division,Chouki B.O,314037,BO,Delivery,DUNGARPUR,RAJASTHAN,RJ,23.708888,73.777203
Rajasthan Circle,Ajmer Region,Dungarpur Division,Dojapal B.O,314037,BO,Delivery,DUNGARPUR,RAJASTHAN,RJ,23.724164,73.838966
Madhya Pradesh Circle,DivReportingCircle,Gwalior Division,Udina B.O,475336,BO,Delivery,DATIA,MADHYA PRADESH,MP,25.886468,78.685255
Madhya Pradesh Circle,DivReportingCircle,Gwalior Division,Rasulpura B.O,475682,BO,Delivery,DATIA,MADHYA PRADESH,MP,26.131073,78.811363
Madhya Pradesh Circle,DivReportingCircle,Gwalior Division,Hinotia B.O,475685,BO,Delivery,DATIA,MADHYA PRADESH,MP,25.762313,78.298864
Madhya Pradesh Circle,DivReportingCircle,Gwalior Division,Uprai B.O,475685,BO,Delivery,DATIA,MADHYA PRADESH,MP,25.740317,78.414792
Madhya Pradesh Circle,DivReportingCircle,Gwalior Division,Sunari B.O,475685,BO,Delivery,DATIA,MADHYA PRADESH,MP,25.841466,78.41266
Madhya Pradesh Circle,DivReportingCircle,Gwalior Division,Atreta B.O,475673,BO,Delivery,DATIA,MADHYA PRADESH,MP,26.082483,78.693762
Madhya Pradesh Circle,DivReportingCircle,Gwalior Division,Toda B.O,475673,BO,Delivery,DATIA,MADHYA PRADESH,MP,25.890459,78.496504
Madhya Pradesh Circle,DivReportingCircle,Gwalior Division,Badokhari B.O,475673,BO,Delivery,DATIA,MADHYA PRADESH,MP,26.04075,78.756122
Madhya Pradesh Circle,DivReportingCircle,Gwalior Division,Sadwara B.O,475671,BO,Delivery,DATIA,MADHYA PRADESH,MP,25.671947,78.628525
Madhya Pradesh Circle,DivReportingCircle,Gwalior Division,Aser B.O,475671,BO,Delivery,DATIA,MADHYA PRADESH,MP,25.64951,78.602986
Madhya Pradesh Circle,DivReportingCircle,Gwalior Division,Ikara B.O,475671,BO,Delivery,DATIA,MADHYA PRADESH,MP,25.664785,78.537691
Rajasthan Circle,Ajmer Region,Dungarpur Division,Metali B.O,314001,BO,Delivery,DUNGARPUR,RAJASTHAN,RJ,23.920877,73.706594
Rajasthan Circle,Ajmer Region,Dungarpur Division,Rohanwara B.O,314001,BO,Delivery,DUNGARPUR,RAJASTHAN,RJ,23.942708,73.694823
Rajasthan Circle,Ajmer Region,Dungarpur Division,Jalukuwa B.O,314001,BO,Delivery,DUNGARPUR,RAJASTHAN,RJ,23.715639,73.600287
Rajasthan Circle,Ajmer Region,Dungarpur Division,Kherwara Chela B.O,314001,BO,Delivery,DUNGARPUR,RAJASTHAN,RJ,23.892342,73.707619
Rajasthan Circle,Ajmer Region,Dungarpur Division,Balota B.O,314037,BO,Delivery,DUNGARPUR,RAJASTHAN,RJ,23.794858,73.824262
Rajasthan Circle,Ajmer Region,Dungarpur Division,Salaj B.O,314037,BO,Delivery,DUNGARPUR,RAJASTHAN,RJ,23.747407,73.786028
Rajasthan Circle,Ajmer Region,Dungarpur Division,Hirata B.O,314037,BO,Delivery,DUNGARPUR,RAJASTHAN,RJ,23.782652,73.797956
Rajasthan Circle,Ajmer Region,Dungarpur Division,Kanhari B.O,314037,BO,Delivery,DUNGARPUR,RAJASTHAN,RJ,23.793541,73.838966
Rajasthan Circle,Ajmer Region,Dungarpur Division,Gol B.O,314021,BO,Delivery,DUNGARPUR,RAJASTHAN,RJ,23.962416,74.094631
Rajasthan Circle,Ajmer Region,Dungarpur Division,Parda Itiwar B.O,314021,BO,Delivery,DUNGARPUR,RAJASTHAN,RJ,23.976114,74.144754
Rajasthan Circle,Ajmer Region,Dungarpur Division,Raiki B.O,314021,BO,Delivery,DUNGARPUR,RAJASTHAN,RJ,23.920217,74.119592
Rajasthan Circle,Ajmer Region,Dungarpur Division,Tokwasa B.O,314021,BO,Delivery,DUNGARPUR,RAJASTHAN,RJ,23.939419,74.054981
Rajasthan Circle,Ajmer Region,Dungarpur Division,Bhasore B.O,314023,BO,Delivery,DUNGARPUR,RAJASTHAN,RJ,23.786101,73.972718
Rajasthan Circle,DivReportingCircle,Dholpur Division,Tor BO,328001,BO,Delivery,DHOLPUR,RAJASTHAN,RJ,26.747535,77.903294
Madhya Pradesh Circle,DivReportingCircle,Gwalior Division,Badagaon B.O,474006,BO,Delivery,GWALIOR,MADHYA PRADESH,MP,26.225842,78.259717
Madhya Pradesh Circle,DivReportingCircle,Gwalior Division,Bijoli B.O,474006,BO,Delivery,GWALIOR,MADHYA PRADESH,MP,26.218211,78.352933
Madhya Pradesh Circle,DivReportingCircle,Gwalior Division,Ratwai B.O,474006,BO,Delivery,GWALIOR,MADHYA PRADESH,MP,26.251738,78.335861
Madhya Pradesh Circle,DivReportingCircle,Gwalior Division,Jakhara B.O,475002,BO,Delivery,GWALIOR,MADHYA PRADESH,MP,26.242893,78.459564
Madhya Pradesh Circle,DivReportingCircle,Gwalior Division,Senthri B.O,474020,BO,Delivery,GWALIOR,MADHYA PRADESH,MP,26.25469,78.283207
Madhya Pradesh Circle,DivReportingCircle,Gwalior Division,Girgaon B.O,474020,BO,Delivery,GWALIOR,MADHYA PRADESH,MP,26.280463,78.255239
Madhya Pradesh Circle,DivReportingCircle,Gwalior Division,Renhat B.O,475330,BO,Delivery,GWALIOR,MADHYA PRADESH,MP,26.215494,78.170598
Madhya Pradesh Circle,DivReportingCircle,Gwalior Division,Sabrai B.O,475330,BO,Delivery,GWALIOR,MADHYA PRADESH,MP,22.727621,75.884972
Madhya Pradesh Circle,DivReportingCircle,Gwalior Division,Jakhoda B.O,475330,BO,Delivery,GWALIOR,MADHYA PRADESH,MP,27.101875,77.981301
Madhya Pradesh Circle,DivReportingCircle,Gwalior Division,Simariatanka B.O,475330,BO,Delivery,GWALIOR,MADHYA PRADESH,MP,25.900025,77.773209
Madhya Pradesh Circle,DivReportingCircle,Gwalior Division,Dhuan B.O,475330,BO,Delivery,GWALIOR,MADHYA PRADESH,MP,26.139889,78.126859
Madhya Pradesh Circle,DivReportingCircle,Gwalior Division,Ghatigaon B.O,475330,BO,Delivery,GWALIOR,MADHYA PRADESH,MP,26.66517,77.962444
Madhya Pradesh Circle,DivReportingCircle,Gwalior Division,Beru B.O,475005,BO,Delivery,GWALIOR,MADHYA PRADESH,MP,25.954536,78.261853
Madhya Pradesh Circle,DivReportingCircle,Gwalior Division,Akbai B.O,475005,BO,Delivery,GWALIOR,MADHYA PRADESH,MP,78.204,25.926
Madhya Pradesh Circle,DivReportingCircle,Gwalior Division,Ladhwaya B.O,475005,BO,Delivery,GWALIOR,MADHYA PRADESH,MP,25.992511,78.227678
Madhya Pradesh Circle,DivReportingCircle,Gwalior Division,Kalyani B.O,475005,BO,Delivery,GWALIOR,MADHYA PRADESH,MP,26.024777,78.230526
Madhya Pradesh Circle,DivReportingCircle,Gwalior Division,Jamahar B.O,474005,BO,Delivery,GWALIOR,MADHYA PRADESH,MP,26.280136,78.173188
Madhya Pradesh Circle,DivReportingCircle,Gwalior Division,Susera B.O,474005,BO,Delivery,GWALIOR,MADHYA PRADESH,MP,26.323945,78.153593
Madhya Pradesh Circle,DivReportingCircle,Gwalior Division,Bahadurpur B.O,474020,BO,Delivery,GWALIOR,MADHYA PRADESH,MP,26.335881,78.333016
Rajasthan Circle,DivReportingCircle,Dholpur Division,Basaineem BO,328001,BO,Delivery,DHOLPUR,RAJASTHAN,RJ,26.651757,77.872088
Rajasthan Circle,DivReportingCircle,Dholpur Division,Dubra BO,328001,BO,Delivery,DHOLPUR,RAJASTHAN,RJ,26.772975,77.874169
Rajasthan Circle,DivReportingCircle,Dholpur Division,Mahmadpur BO,328001,BO,Delivery,DHOLPUR,RAJASTHAN,RJ,26.700786,77.876481
Rajasthan Circle,DivReportingCircle,Dholpur Division,Sanora BO,328031,BO,Delivery,DHOLPUR,RAJASTHAN,RJ,26.627984,77.53305
Rajasthan Circle,DivReportingCircle,Dholpur Division,Bijoli BO,328021,BO,Delivery,DHOLPUR,RAJASTHAN,RJ,26.656906,77.727971
Rajasthan Circle,DivReportingCircle,Dholpur Division,Dhanora BO,328021,BO,Delivery,DHOLPUR,RAJASTHAN,RJ,26.652457,77.66643
Rajasthan Circle,DivReportingCircle,Dholpur Division,Dhimari BO,328021,BO,Delivery,DHOLPUR,RAJASTHAN,RJ,26.683444,77.510476
Rajasthan Circle,DivReportingCircle,Dholpur Division,Gajpura BO,328021,BO,Delivery,DHOLPUR,RAJASTHAN,RJ,26.596444,77.705483
Rajasthan Circle,DivReportingCircle,Dholpur Division,Naksoda BO,328021,BO,Delivery,DHOLPUR,RAJASTHAN,RJ,26.57061,77.544615
Rajasthan Circle,DivReportingCircle,Dholpur Division,Nidhara BO,328021,BO,Delivery,DHOLPUR,RAJASTHAN,RJ,26.658204,77.58796
Rajasthan Circle,DivReportingCircle,Dholpur Division,Sone Ka Gurja BO,328021,BO,Delivery,DHOLPUR,RAJASTHAN,RJ,26.492096,77.56103
Rajasthan Circle,DivReportingCircle,Dholpur Division,Tontari BO,328021,BO,Delivery,DHOLPUR,RAJASTHAN,RJ,26.717017,77.593303
Rajasthan Circle,DivReportingCircle,Dholpur Division,Kolari BO,328023,BO,Delivery,DHOLPUR,RAJASTHAN,RJ,26.851122,77.815285
Rajasthan Circle,DivReportingCircle,Dholpur Division,Kurenda BO,328023,BO,Delivery,DHOLPUR,RAJASTHAN,RJ,26.881183,77.810996
Rajasthan Circle,DivReportingCircle,Dholpur Division,Maloni Panwar BO,328023,BO,Delivery,DHOLPUR,RAJASTHAN,RJ,26.909456,77.736624
Rajasthan Circle,DivReportingCircle,Dholpur Division,Nidhera Kalan BO,328023,BO,Delivery,DHOLPUR,RAJASTHAN,RJ,26.875052,77.873886
Madhya Pradesh Circle,DivReportingCircle,Gwalior Division,Sohan B.O,475336,BO,Delivery,DATIA,MADHYA PRADESH,MP,25.941123,78.787288
Madhya Pradesh Circle,DivReportingCircle,Gwalior Division,Udi B.O,475336,BO,Delivery,DATIA,MADHYA PRADESH,MP,25.975237,78.775956
Madhya Pradesh Circle,DivReportingCircle,Gwalior Division,Gondan B.O,475336,BO,Delivery,DATIA,MADHYA PRADESH,MP,25.855362,78.640995
Madhya Pradesh Circle,DivReportingCircle,Gwalior Division,Devai B.O,475682,BO,Delivery,DATIA,MADHYA PRADESH,MP,26.19411,78.705103
Madhya Pradesh Circle,DivReportingCircle,Gwalior Division,Gyara B.O,475682,BO,Delivery,DATIA,MADHYA PRADESH,MP,26.21652,78.730616
Madhya Pradesh Circle,DivReportingCircle,Gwalior Division,Atra B.O,475682,BO,Delivery,DATIA,MADHYA PRADESH,MP,26.066765,78.753288
Madhya Pradesh Circle,DivReportingCircle,Gwalior Division,Raori B.O,475685,BO,Delivery,DATIA,MADHYA PRADESH,MP,25.753916,78.344107
Madhya Pradesh Circle,DivReportingCircle,Gwalior Division,Pachokhara B.O,475685,BO,Delivery,DATIA,MADHYA PRADESH,MP,25.814542,78.40413
Madhya Pradesh Circle,DivReportingCircle,Gwalior Division,Baron Kalan B.O,475685,BO,Delivery,DATIA,MADHYA PRADESH,MP,25.6653332,78.4609323
Madhya Pradesh Circle,DivReportingCircle,Gwalior Division,Bhadona B.O,475685,BO,Delivery,DATIA,MADHYA PRADESH,MP,25.834775,78.438247
Madhya Pradesh Circle,DivReportingCircle,Gwalior Division,Ingui B.O,475673,BO,Delivery,DATIA,MADHYA PRADESH,MP,25.983816,78.651221
Madhya Pradesh Circle,DivReportingCircle,Gwalior Division,Kudari B.O,475673,BO,Delivery,DATIA,MADHYA PRADESH,MP,25.965436,78.651221
Madhya Pradesh Circle,DivReportingCircle,Gwalior Division,Parsoda Baman B.O,475673,BO,Delivery,DATIA,MADHYA PRADESH,MP,25.675304,78.46809
Madhya Pradesh Circle,DivReportingCircle,Gwalior Division,Parsoda Khurd B.O,475673,BO,Delivery,DATIA,MADHYA PRADESH,MP,25.675304,78.46809
Madhya Pradesh Circle,DivReportingCircle,Gwalior Division,Marseni Khurd B.O,475673,BO,Delivery,DATIA,MADHYA PRADESH,MP,26.069032,78.671076
Madhya Pradesh Circle,DivReportingCircle,Gwalior Division,Kusoli B.O,475671,BO,Delivery,DATIA,MADHYA PRADESH,MP,25.64951,78.602986
Madhya Pradesh Circle,DivReportingCircle,Gwalior Division,Kamad B.O,475671,BO,Delivery,DATIA,MADHYA PRADESH,MP,25.636923,78.628525
Madhya Pradesh Circle,DivReportingCircle,Gwalior Division,Sersa B.O,475671,BO,Delivery,DATIA,MADHYA PRADESH,MP,25.618095,78.537691
Madhya Pradesh Circle,DivReportingCircle,Gwalior Division,Richhar B.O,475671,BO,Delivery,DATIA,MADHYA PRADESH,MP,25.651266,78.662567
Rajasthan Circle,Ajmer Region,Dungarpur Division,Gada Kumaria B.O,314023,BO,Delivery,DUNGARPUR,RAJASTHAN,RJ,23.848218,73.980517
Uttar Pradesh Circle,Bareilly Region,Moradabad Division,Mundha Khera BO,244221,BO,Delivery,AMROHA,UTTAR PRADESH,UP,78.4673,28.9044
Madhya Pradesh Circle,DivReportingCircle,Morena Division,Garhpara B.O,477001,BO,Delivery,BHIND,MADHYA PRADESH,MP,26.564208,78.788292
Madhya Pradesh Circle,DivReportingCircle,Morena Division,Gopalpura B.O,477001,BO,Delivery,BHIND,MADHYA PRADESH,MP,26.493805,78.739119
Madhya Pradesh Circle,DivReportingCircle,Morena Division,Pidora B.O,477001,BO,Delivery,BHIND,MADHYA PRADESH,MP,26.53765,78.705103
Madhya Pradesh Circle,DivReportingCircle,Morena Division,Lawan B.O,477001,BO,Delivery,BHIND,MADHYA PRADESH,MP,26.541795,78.739737
Madhya Pradesh Circle,DivReportingCircle,Morena Division,Bara Kalan B.O,477332,BO,Delivery,BHIND,MADHYA PRADESH,MP,26.529184,78.855251
Madhya Pradesh Circle,DivReportingCircle,Morena Division,Kachongara B.O,477332,BO,Delivery,BHIND,MADHYA PRADESH,MP,26.568499,78.869549
Madhya Pradesh Circle,DivReportingCircle,Morena Division,Kheria Sindh B.O,477227,BO,Delivery,BHIND,MADHYA PRADESH,MP,26.49367,78.610081
Uttar Pradesh Circle,Agra Region,Agra Division,Rudhmuli BO,283104,BO,Delivery,AGRA,UTTAR PRADESH,UP,26.9126182,78.5979723
Uttar Pradesh Circle,Agra Region,Agra Division,Khanda BO,283201,BO,Delivery,AGRA,UTTAR PRADESH,UP,27.3666374,78.1477131
Uttar Pradesh Circle,Agra Region,Agra Division,Mahwatpur BO,283201,BO,Delivery,AGRA,UTTAR PRADESH,UP,27.3111005,78.1436158
Uttar Pradesh Circle,Agra Region,Agra Division,Murthar Alipur BO,283201,BO,Delivery,AGRA,UTTAR PRADESH,UP,27.3720493,78.274249
Uttar Pradesh Circle,Agra Region,Agra Division,Bichola BO,283113,BO,Delivery,AGRA,UTTAR PRADESH,UP,26,78
Uttar Pradesh Circle,Agra Region,Agra Division,Bitholi BO,283113,BO,Delivery,AGRA,UTTAR PRADESH,UP,26,78
Uttar Pradesh Circle,Agra Region,Agra Division,Pharera BO,283113,BO,Delivery,AGRA,UTTAR PRADESH,UP,26,78
Uttar Pradesh Circle,Agra Region,Agra Division,Rajora BO,283113,BO,Delivery,AGRA,UTTAR PRADESH,UP,26,78
Uttar Pradesh Circle,Agra Region,Agra Division,Jaganpur BO,282005,BO,Non Delivery,AGRA,UTTAR PRADESH,UP,27.2162906,78.0137712
Uttar Pradesh Circle,Agra Region,Agra Division,Agwar BO,283202,BO,Delivery,AGRA,UTTAR PRADESH,UP,27.2333127,78.1991895
Uttar Pradesh Circle,Agra Region,Agra Division,Behrampur BO,283202,BO,Delivery,AGRA,UTTAR PRADESH,UP,27.2708792,78.0965691
Uttar Pradesh Circle,Agra Region,Agra Division,Bhagupur BO,283202,BO,Delivery,AGRA,UTTAR PRADESH,UP,27.2332821,78.1307744
Uttar Pradesh Circle,Agra Region,Agra Division,Mehra Chudhary BO,283111,BO,Delivery,AGRA,UTTAR PRADESH,UP,27.1748913,78.1934911
Uttar Pradesh Circle,Agra Region,Agra Division,Nagar Chand BO,283111,BO,Delivery,AGRA,UTTAR PRADESH,UP,27.0579924,78.2807158
Uttar Pradesh Circle,Agra Region,Agra Division,Nagaria BO,283111,BO,Delivery,AGRA,UTTAR PRADESH,UP,26.9850301,78.2105857
Uttar Pradesh Circle,Agra Region,Agra Division,Nibohara BO,283111,BO,Delivery,AGRA,UTTAR PRADESH,UP,26.9567245,78.2533101
Uttar Pradesh Circle,Agra Region,Agra Division,Jarar BO,283104,BO,Delivery,AGRA,UTTAR PRADESH,UP,26.869655,78.5689241
Uttar Pradesh Circle,Agra Region,Agra Division,Kwari BO,283104,BO,Delivery,AGRA,UTTAR PRADESH,UP,26.8502823,78.5366677
Uttar Pradesh Circle,Agra Region,Agra Division,Vikrampur BO,283104,BO,Delivery,AGRA,UTTAR PRADESH,UP,26.9070884,78.6143016
Uttar Pradesh Circle,Agra Region,Agra Division,Anwal Khera BO,283201,BO,Delivery,AGRA,UTTAR PRADESH,UP,27.3335528,78.1352741
Uttar Pradesh Circle,Agra Region,Agra Division,Arela BO,283201,BO,Delivery,AGRA,UTTAR PRADESH,UP,27.2897182,78.1136794
Uttar Pradesh Circle,Agra Region,Agra Division,Mitaoli BO,283201,BO,Delivery,AGRA,UTTAR PRADESH,UP,27.3292991,78.1919021
Madhya Pradesh Circle,Jabalpur Region,Balaghat Division,Gorakhpur B.O,480887,BO,Delivery,SEONI,MADHYA PRADESH,MP,26.760555,83.373168
Madhya Pradesh Circle,Jabalpur Region,Balaghat Division,Jhiri B.O,480887,BO,Delivery,SEONI,MADHYA PRADESH,MP,23.402977,85.259311
Madhya Pradesh Circle,Jabalpur Region,Balaghat Division,Madhi B.O,480887,BO,Delivery,SEONI,MADHYA PRADESH,MP,21.146416,73.251472
Madhya Pradesh Circle,Jabalpur Region,Balaghat Division,Darasikala B.O,480771,BO,Delivery,SEONI,MADHYA PRADESH,MP,18.927511,72.833813
Madhya Pradesh Circle,Jabalpur Region,Balaghat Division,Neewari B.O,480771,BO,Delivery,SEONI,MADHYA PRADESH,MP,27.791305,78.710773
Madhya Pradesh Circle,Jabalpur Region,Balaghat Division,Dighori B.O,480882,BO,Delivery,SEONI,MADHYA PRADESH,MP,21.107076,79.13792
Madhya Pradesh Circle,Jabalpur Region,Balaghat Division,Gohana B.O,480882,BO,Delivery,SEONI,MADHYA PRADESH,MP,29.138406,76.693244
Madhya Pradesh Circle,Jabalpur Region,Balaghat Division,Kalarbanki B.O,480882,BO,Delivery,SEONI,MADHYA PRADESH,MP,22.309613,79.664244
Madhya Pradesh Circle,Jabalpur Region,Balaghat Division,Dharnakala B.O,480667,BO,Delivery,SEONI,MADHYA PRADESH,MP,22.000681,79.905277
Madhya Pradesh Circle,Jabalpur Region,Balaghat Division,Khami B.O,480667,BO,Delivery,SEONI,MADHYA PRADESH,MP,22.072668,79.795352
Madhya Pradesh Circle,Jabalpur Region,Balaghat Division,Khunt B.O,480667,BO,Delivery,SEONI,MADHYA PRADESH,MP,22.035925,79.714747
Madhya Pradesh Circle,Jabalpur Region,Balaghat Division,Malara B.O,480667,BO,Delivery,SEONI,MADHYA PRADESH,MP,22.103265,79.801657
Madhya Pradesh Circle,Jabalpur Region,Balaghat Division,Nandora B.O,480667,BO,Delivery,SEONI,MADHYA PRADESH,MP,40.948108,83.9610540-
Madhya Pradesh Circle,Jabalpur Region,Balaghat Division,Pathadeori B.O,480888,BO,Delivery,SEONI,MADHYA PRADESH,MP,22.693404,79.633367
Madhya Pradesh Circle,DivReportingCircle,Morena Division,Sada B.O,477227,BO,Delivery,BHIND,MADHYA PRADESH,MP,26.359896,78.812779
Madhya Pradesh Circle,DivReportingCircle,Morena Division,Semara B.O,477227,BO,Delivery,BHIND,MADHYA PRADESH,MP,26.303372,78.813891
Madhya Pradesh Circle,DivReportingCircle,Morena Division,Pratappura B.O,477111,BO,Delivery,BHIND,MADHYA PRADESH,MP,26.710574,78.703685
Madhya Pradesh Circle,DivReportingCircle,Morena Division,Balarpura B.O,477111,BO,Delivery,BHIND,MADHYA PRADESH,MP,26.710276,78.682352
Madhya Pradesh Circle,DivReportingCircle,Morena Division,Seetaram Ki Lawan B.O,477116,BO,Delivery,BHIND,MADHYA PRADESH,MP,26.52106,78.452533
Madhya Pradesh Circle,DivReportingCircle,Morena Division,Suhans B.O,477116,BO,Delivery,BHIND,MADHYA PRADESH,MP,26.554503,78.381184
Madhya Pradesh Circle,DivReportingCircle,Morena Division,Chandokhar B.O,477116,BO,Delivery,BHIND,MADHYA PRADESH,MP,26.51338,78.36727
Rajasthan Circle,Ajmer Region,Dungarpur Division,Wer B.O,314001,BO,Delivery,NAGAUR,RAJASTHAN,RJ,23.6924441,73.597687
Rajasthan Circle,DivReportingCircle,Alwar Division,Mathuraheda B.O,321605,BO,Delivery,ALWAR,RAJASTHAN,RJ,27.474092,77.327363
Rajasthan Circle,DivReportingCircle,Alwar Division,Tikri B.O,321605,BO,Delivery,ALWAR,RAJASTHAN,RJ,27.514249,76.968627
Rajasthan Circle,DivReportingCircle,Alwar Division,Sheetal B.O,301018,BO,Delivery,ALWAR,RAJASTHAN,RJ,27.480962,76.84615
Rajasthan Circle,DivReportingCircle,Alwar Division,Dantia B.O,321606,BO,Delivery,ALWAR,RAJASTHAN,RJ,27.189787,76.970067
Rajasthan Circle,DivReportingCircle,Alwar Division,Garu B.O,321606,BO,Delivery,ALWAR,RAJASTHAN,RJ,27.244412,77.07258
Rajasthan Circle,DivReportingCircle,Alwar Division,Ghasoli B.O,301405,BO,Delivery,ALWAR,RAJASTHAN,RJ,27.746525,76.762507
Rajasthan Circle,DivReportingCircle,Alwar Division,Mandha B.O,301405,BO,Delivery,ALWAR,RAJASTHAN,RJ,27.919117,76.762507
Rajasthan Circle,DivReportingCircle,Alwar Division,Tehnoli B.O,301405,BO,Delivery,ALWAR,RAJASTHAN,RJ,13.038841,80.19587
Rajasthan Circle,DivReportingCircle,Alwar Division,Beelaheri B.O,301702,BO,Delivery,ALWAR,RAJASTHAN,RJ,28.058062,76.684583
Rajasthan Circle,DivReportingCircle,Dholpur Division,Mahmadpura BO,321405,BO,Delivery,BHARATPUR,RAJASTHAN,RJ,26.911903,77.36053
Rajasthan Circle,DivReportingCircle,Dholpur Division,Pali Dang BO,321405,BO,Delivery,BHARATPUR,RAJASTHAN,RJ,26.898879,77.421856
Rajasthan Circle,DivReportingCircle,Dholpur Division,Mahalpur Choora BO,321403,BO,Delivery,BHARATPUR,RAJASTHAN,RJ,26.948787,77.488332
Rajasthan Circle,Ajmer Region,Dungarpur Division,Jashpur Jabka B.O,314023,BO,Delivery,DUNGARPUR,RAJASTHAN,RJ,23.855844,74.006352
Rajasthan Circle,Ajmer Region,Dungarpur Division,Bageri B.O,314031,BO,Delivery,DUNGARPUR,RAJASTHAN,RJ,23.639549,74.119592
Madhya Pradesh Circle,DivReportingCircle,Morena Division,Iklod B.O,476332,BO,Delivery,SHEOPUR,MADHYA PRADESH,MP,26.020062,77.325715
Madhya Pradesh Circle,DivReportingCircle,Morena Division,Dhondha B.O,476332,BO,Delivery,SHEOPUR,MADHYA PRADESH,MP,25.93843,77.60345
Madhya Pradesh Circle,DivReportingCircle,Morena Division,Kuthiyana B.O,476134,BO,Delivery,MORENA,MADHYA PRADESH,MP,26.711464,78.136939
Madhya Pradesh Circle,DivReportingCircle,Morena Division,Aisa B.O,476134,BO,Delivery,MORENA,MADHYA PRADESH,MP,26.6676766,78.1019533
Madhya Pradesh Circle,DivReportingCircle,Morena Division,Imliya B.O,476221,BO,Delivery,MORENA,MADHYA PRADESH,MP,26.4034966,77.885415
Madhya Pradesh Circle,DivReportingCircle,Morena Division,Narhela B.O,476221,BO,Delivery,MORENA,MADHYA PRADESH,MP,26.3107266,77.8269766
Madhya Pradesh Circle,DivReportingCircle,Morena Division,Hathariya B.O,476221,BO,Delivery,MORENA,MADHYA PRADESH,MP,26.358566,77.8949716
Madhya Pradesh Circle,DivReportingCircle,Morena Division,Dhamkan B.O,476221,BO,Delivery,MORENA,MADHYA PRADESH,MP,26.3433616,77.864375
Madhya Pradesh Circle,DivReportingCircle,Morena Division,Bargawan B.O,476355,BO,Delivery,SHEOPUR,MADHYA PRADESH,MP,25.65467,77.03945
Madhya Pradesh Circle,DivReportingCircle,Morena Division,Kondera B.O,476224,BO,Delivery,MORENA,MADHYA PRADESH,MP,26.2563433,77.6384416
Madhya Pradesh Circle,DivReportingCircle,Morena Division,Khutiyanihar B.O,476224,BO,Delivery,MORENA,MADHYA PRADESH,MP,26.3890133,77.6865916
Madhya Pradesh Circle,DivReportingCircle,Morena Division,Singroli B.O,476224,BO,Delivery,MORENA,MADHYA PRADESH,MP,26.356389,77.5229803
Madhya Pradesh Circle,Jabalpur Region,Balaghat Division,Purwamal B.O,480886,BO,Delivery,SEONI,MADHYA PRADESH,MP,22.928591,79.061681
Madhya Pradesh Circle,Jabalpur Region,Balaghat Division,Sirmangani B.O,480886,BO,Delivery,SEONI,MADHYA PRADESH,MP,22.928591,79.061681
Madhya Pradesh Circle,Jabalpur Region,Balaghat Division,Durenda B.O,480996,BO,Delivery,SEONI,MADHYA PRADESH,MP,22.092547,79.996893
Madhya Pradesh Circle,Jabalpur Region,Balaghat Division,Jewnara B.O,480996,BO,Delivery,SEONI,MADHYA PRADESH,MP,22.092547,79.996893
Kerala Circle,DivReportingCircle,Pathanamthitta Division,MangaduElamannur BO,691524,BO,Non Delivery,PATHANAMTHITTA,KERALA,KL,9.14,76.79
Madhya Pradesh Circle,Jabalpur Region,Sagar Division,Besra B.O,470441,BO,Delivery,SAGAR,MADHYA PRADESH,MP,24.271302,78.478036
Madhya Pradesh Circle,Jabalpur Region,Sagar Division,Amarmau B.O,470339,BO,Delivery,SAGAR,MADHYA PRADESH,MP,24.327148,79.152031
Madhya Pradesh Circle,Jabalpur Region,Sagar Division,Manjala B.O,470669,BO,Delivery,SAGAR,MADHYA PRADESH,MP,23.945349,79.024952
Madhya Pradesh Circle,Jabalpur Region,Sagar Division,Gorakhurd B.O,470669,BO,Delivery,SAGAR,MADHYA PRADESH,MP,23.958007,79.078628
Madhya Pradesh Circle,Jabalpur Region,Sagar Division,Thikari B.O,470120,BO,Delivery,SAGAR,MADHYA PRADESH,MP,23.73104,78.503606
Madhya Pradesh Circle,Jabalpur Region,Sagar Division,Chatubhata B.O,470221,BO,Delivery,SAGAR,MADHYA PRADESH,MP,23.579231,78.832602
Madhya Pradesh Circle,Jabalpur Region,Sagar Division,Mokalpur B.O,470221,BO,Delivery,SAGAR,MADHYA PRADESH,MP,23.673984,78.843927
Rajasthan Circle,DivReportingCircle,Bharatpur Division,Poonchhari B.O,321205,BO,Delivery,BHARATPUR,RAJASTHAN,RJ,27.434164,77.079995
Rajasthan Circle,DivReportingCircle,Bharatpur Division,Semla Kalan B.O,321205,BO,Delivery,BHARATPUR,RAJASTHAN,RJ,27.453961,77.047811
Rajasthan Circle,DivReportingCircle,Bharatpur Division,Semli B.O,321205,BO,Delivery,BHARATPUR,RAJASTHAN,RJ,27.470265,76.915328
Rajasthan Circle,DivReportingCircle,Bharatpur Division,Khandeola B.O,321204,BO,Delivery,BHARATPUR,RAJASTHAN,RJ,27.125374,88.24467
Rajasthan Circle,DivReportingCircle,Bharatpur Division,Ladamka B.O,321204,BO,Delivery,BHARATPUR,RAJASTHAN,RJ,27.625374,88.25367
Rajasthan Circle,DivReportingCircle,Bharatpur Division,Nagla Satwari B.O,321204,BO,Delivery,BHARATPUR,RAJASTHAN,RJ,27.027374,88.25067
Rajasthan Circle,DivReportingCircle,Bharatpur Division,Ubhaka B.O,321204,BO,Delivery,BHARATPUR,RAJASTHAN,RJ,27.677595,77.157144
Rajasthan Circle,DivReportingCircle,Bharatpur Division,Jai Sri B.O,321024,BO,Delivery,BHARATPUR,RAJASTHAN,RJ,27.526968,77.088103
Rajasthan Circle,DivReportingCircle,Bharatpur Division,Jalalpur B.O,321024,BO,Delivery,BHARATPUR,RAJASTHAN,RJ,27.541346,76.995987
Rajasthan Circle,DivReportingCircle,Bharatpur Division,Khohri B.O,321024,BO,Delivery,BHARATPUR,RAJASTHAN,RJ,26.905002,77.490273
Rajasthan Circle,DivReportingCircle,Bharatpur Division,Olanda B.O,321024,BO,Delivery,BHARATPUR,RAJASTHAN,RJ,27.58173,77.180149
Rajasthan Circle,DivReportingCircle,Bharatpur Division,Pipalkheda B.O,321024,BO,Delivery,BHARATPUR,RAJASTHAN,RJ,27.236365,77.488757
Madhya Pradesh Circle,Jabalpur Region,Sagar Division,Udaypura Tiwari B.O,470221,BO,Delivery,SAGAR,MADHYA PRADESH,MP,23.698286,78.855251
Madhya Pradesh Circle,Jabalpur Region,Rewa Division,Belwa Badgaiyan B.O,486441,BO,Delivery,REWA,MADHYA PRADESH,MP,24.5373,81.3042
Madhya Pradesh Circle,Jabalpur Region,Rewa Division,Deora B.O,486441,BO,Delivery,REWA,MADHYA PRADESH,MP,24.5373,81.3042
Madhya Pradesh Circle,Jabalpur Region,Rewa Division,Jamu B.O,486441,BO,Delivery,REWA,MADHYA PRADESH,MP,24.5373,81.3042
Madhya Pradesh Circle,Jabalpur Region,Balaghat Division,Suktara B.O,480661,BO,Delivery,SEONI,MADHYA PRADESH,MP,22.530995,80.456293
Madhya Pradesh Circle,Jabalpur Region,Balaghat Division,Tighra B.O,480661,BO,Delivery,SEONI,MADHYA PRADESH,MP,26.208752,78.0281
Madhya Pradesh Circle,Jabalpur Region,Balaghat Division,Badalpar B.O,480661,BO,Delivery,SEONI,MADHYA PRADESH,MP,23.455282,70.734689
Madhya Pradesh Circle,Jabalpur Region,Balaghat Division,Marbodi B.O,480661,BO,Delivery,SEONI,MADHYA PRADESH,MP,22.231949,79.41975
Madhya Pradesh Circle,Jabalpur Region,Balaghat Division,Sillore B.O,480661,BO,Delivery,SEONI,MADHYA PRADESH,MP,20.307938,75.652812
Madhya Pradesh Circle,Jabalpur Region,Balaghat Division,Bordai B.O,480661,BO,Delivery,SEONI,MADHYA PRADESH,MP,22.067157,79.557534
Madhya Pradesh Circle,Jabalpur Region,Balaghat Division,Belpeth B.O,480661,BO,Delivery,SEONI,MADHYA PRADESH,MP,21.936292,79.355004
Madhya Pradesh Circle,Jabalpur Region,Balaghat Division,Chamari(khurd) B.O,480887,BO,Delivery,SEONI,MADHYA PRADESH,MP,22.477939,79.445073
Madhya Pradesh Circle,Jabalpur Region,Balaghat Division,Mohgaon Kachhi B.O,480887,BO,Delivery,SEONI,MADHYA PRADESH,MP,22.603319,80.367217
Madhya Pradesh Circle,Jabalpur Region,Balaghat Division,Patan B.O,480887,BO,Delivery,SEONI,MADHYA PRADESH,MP,23.849325,72.126626
Madhya Pradesh Circle,Jabalpur Region,Balaghat Division,Amagarh B.O,480771,BO,Delivery,SEONI,MADHYA PRADESH,MP,20.283703,80.946518
Madhya Pradesh Circle,Jabalpur Region,Balaghat Division,Dhapara B.O,480771,BO,Delivery,SEONI,MADHYA PRADESH,MP,21.911881,79.756811
Madhya Pradesh Circle,Jabalpur Region,Balaghat Division,Tikari B.O,480771,BO,Delivery,SEONI,MADHYA PRADESH,MP,21.091394,81.657364
Madhya Pradesh Circle,Jabalpur Region,Balaghat Division,Bakodi B.O,480882,BO,Delivery,SEONI,MADHYA PRADESH,MP,22.309407,79.478826
Madhya Pradesh Circle,Jabalpur Region,Balaghat Division,Bhongakheda B.O,480882,BO,Delivery,SEONI,MADHYA PRADESH,MP,22.192155,79.532242
Madhya Pradesh Circle,Jabalpur Region,Balaghat Division,Pondi jaharmau B.O,480882,BO,Delivery,SEONI,MADHYA PRADESH,MP,22.309613,79.664244
Madhya Pradesh Circle,Jabalpur Region,Balaghat Division,Bamhani B.O,480667,BO,Delivery,SEONI,MADHYA PRADESH,MP,22.477086,80.368649
Madhya Pradesh Circle,Jabalpur Region,Balaghat Division,Borikala B.O,480667,BO,Delivery,SEONI,MADHYA PRADESH,MP,22.000681,79.905277
Madhya Pradesh Circle,Jabalpur Region,Balaghat Division,Jeonara B.O,480667,BO,Delivery,SEONI,MADHYA PRADESH,MP,22.040021,79.773981
Madhya Pradesh Circle,Jabalpur Region,Balaghat Division,Kesalekala B.O,480667,BO,Delivery,SEONI,MADHYA PRADESH,MP,22.009674,79.812865